label,kv_len,batch_size,num_qo_heads,num_kv_heads,head_dim,page_size,dtype,use_tensor_cores,backend,fixed_split_size,requested_fixed_split_size,target_split_k,split_k_count,disable_split_kv,split_kv,kv_chunk_size_tokens,kv_chunk_size_pages,num_chunks_kv,CTA_TILE_Q,CTA_TILE_KV,NUM_MMA_Q,NUM_MMA_KV,NUM_WARPS_Q,NUM_WARPS_KV,ms,tflops,gb_per_s_est,measurement_mode,measurement_warmup,measurement_repeat,measurement_trials
[patched_heuristic] llama3_8b_float16_split_auto_alpha16_beta16_bs1,128,1,32,8,128,16,fp16,1,fa2,,,,,0,0,128,8,1,16,64,1,1,1,4,0.0433,0.048,12.1,median,100,100,10
[patched_heuristic] llama3_8b_float16_split_auto_alpha16_beta16_bs1,256,1,32,8,128,16,fp16,1,fa2,,,,,0,0,256,16,1,16,64,1,1,1,4,0.04131,0.102,25.4,median,100,100,10
[patched_heuristic] llama3_8b_float16_split_auto_alpha16_beta16_bs1,384,1,32,8,128,16,fp16,1,fa2,,,,,0,0,384,24,1,16,64,1,1,1,4,0.04127,0.152,38.1,median,100,100,10
[patched_heuristic] llama3_8b_float16_split_auto_alpha16_beta16_bs1,512,1,32,8,128,16,fp16,1,fa2,,,,,0,0,512,32,1,16,64,1,1,1,4,0.04107,0.204,51.1,median,100,100,10
[patched_heuristic] llama3_8b_float16_split_auto_alpha16_beta16_bs1,640,1,32,8,128,16,fp16,1,fa2,,,,,0,0,640,40,1,16,64,1,1,1,4,0.04226,0.248,62.0,median,100,100,10
[patched_heuristic] llama3_8b_float16_split_auto_alpha16_beta16_bs1,768,1,32,8,128,16,fp16,1,fa2,,,,,0,0,768,48,1,16,64,1,1,1,4,0.04226,0.298,74.4,median,100,100,10
[patched_heuristic] llama3_8b_float16_split_auto_alpha16_beta16_bs1,896,1,32,8,128,16,fp16,1,fa2,,,,,0,0,896,56,1,16,64,1,1,1,4,0.04231,0.347,86.7,median,100,100,10
[patched_heuristic] llama3_8b_float16_split_auto_alpha16_beta16_bs1,1024,1,32,8,128,16,fp16,1,fa2,,,,,0,0,1024,64,1,16,64,1,1,1,4,0.04223,0.397,99.3,median,100,100,10
[patched_heuristic] llama3_8b_float16_split_auto_alpha16_beta16_bs1,1152,1,32,8,128,16,fp16,1,fa2,,,,,0,0,1152,72,1,16,64,1,1,1,4,0.04129,0.457,114.3,median,100,100,10
[patched_heuristic] llama3_8b_float16_split_auto_alpha16_beta16_bs1,1280,1,32,8,128,16,fp16,1,fa2,,,,,0,0,1280,80,1,16,64,1,1,1,4,0.04155,0.505,126.2,median,100,100,10
[patched_heuristic] llama3_8b_float16_split_auto_alpha16_beta16_bs1,1408,1,32,8,128,16,fp16,1,fa2,,,,,0,0,1408,88,1,16,64,1,1,1,4,0.04127,0.559,139.7,median,100,100,10
[patched_heuristic] llama3_8b_float16_split_auto_alpha16_beta16_bs1,1536,1,32,8,128,16,fp16,1,fa2,,,,,0,0,1536,96,1,16,64,1,1,1,4,0.04105,0.613,153.3,median,100,100,10
[patched_heuristic] llama3_8b_float16_split_auto_alpha16_beta16_bs1,1664,1,32,8,128,16,fp16,1,fa2,,,,,0,0,1664,104,1,16,64,1,1,1,4,0.04129,0.66,165.1,median,100,100,10
[patched_heuristic] llama3_8b_float16_split_auto_alpha16_beta16_bs1,1792,1,32,8,128,16,fp16,1,fa2,,,,,0,0,1792,112,1,16,64,1,1,1,4,0.04147,0.708,177.0,median,100,100,10
[patched_heuristic] llama3_8b_float16_split_auto_alpha16_beta16_bs1,1920,1,32,8,128,16,fp16,1,fa2,,,,,0,0,1920,120,1,16,64,1,1,1,4,0.04235,0.743,185.7,median,100,100,10
[patched_heuristic] llama3_8b_float16_split_auto_alpha16_beta16_bs1,2048,1,32,8,128,16,fp16,1,fa2,,,,,0,1,1024,64,2,16,64,1,1,1,4,0.04989,0.673,168.1,median,100,100,10
[patched_heuristic] llama3_8b_float16_split_auto_alpha16_beta16_bs1,2176,1,32,8,128,16,fp16,1,fa2,,,,,0,1,1088,68,2,16,64,1,1,1,4,0.05096,0.7,174.9,median,100,100,10
[patched_heuristic] llama3_8b_float16_split_auto_alpha16_beta16_bs1,2304,1,32,8,128,16,fp16,1,fa2,,,,,0,1,1152,72,2,16,64,1,1,1,4,0.04973,0.759,189.8,median,100,100,10
[patched_heuristic] llama3_8b_float16_split_auto_alpha16_beta16_bs1,2432,1,32,8,128,16,fp16,1,fa2,,,,,0,1,1216,76,2,16,64,1,1,1,4,0.04965,0.803,200.6,median,100,100,10
[patched_heuristic] llama3_8b_float16_split_auto_alpha16_beta16_bs1,2560,1,32,8,128,16,fp16,1,fa2,,,,,0,1,1280,80,2,16,64,1,1,1,4,0.0507,0.827,206.8,median,100,100,10
[patched_heuristic] llama3_8b_float16_split_auto_alpha16_beta16_bs1,2688,1,32,8,128,16,fp16,1,fa2,,,,,0,1,1344,84,2,16,64,1,1,1,4,0.04989,0.883,220.7,median,100,100,10
[patched_heuristic] llama3_8b_float16_split_auto_alpha16_beta16_bs1,2816,1,32,8,128,16,fp16,1,fa2,,,,,0,1,1408,88,2,16,64,1,1,1,4,0.04957,0.931,232.7,median,100,100,10
[patched_heuristic] llama3_8b_float16_split_auto_alpha16_beta16_bs1,2944,1,32,8,128,16,fp16,1,fa2,,,,,0,1,1472,92,2,16,64,1,1,1,4,0.05005,0.964,240.9,median,100,100,10
[patched_heuristic] llama3_8b_float16_split_auto_alpha16_beta16_bs1,3072,1,32,8,128,16,fp16,1,fa2,,,,,0,1,1024,64,3,16,64,1,1,1,4,0.0498,1.011,252.7,median,100,100,10
[patched_heuristic] llama3_8b_float16_split_auto_alpha16_beta16_bs1,3200,1,32,8,128,16,fp16,1,fa2,,,,,0,1,1072,67,3,16,64,1,1,1,4,0.04982,1.052,263.1,median,100,100,10
[patched_heuristic] llama3_8b_float16_split_auto_alpha16_beta16_bs1,3328,1,32,8,128,16,fp16,1,fa2,,,,,0,1,1120,70,3,16,64,1,1,1,4,0.0499,1.093,273.2,median,100,100,10
[patched_heuristic] llama3_8b_float16_split_auto_alpha16_beta16_bs1,3456,1,32,8,128,16,fp16,1,fa2,,,,,0,1,1152,72,3,16,64,1,1,1,4,0.05064,1.118,279.5,median,100,100,10
[patched_heuristic] llama3_8b_float16_split_auto_alpha16_beta16_bs1,3584,1,32,8,128,16,fp16,1,fa2,,,,,0,1,1200,75,3,16,64,1,1,1,4,0.05063,1.16,290.0,median,100,100,10
[patched_heuristic] llama3_8b_float16_split_auto_alpha16_beta16_bs1,3712,1,32,8,128,16,fp16,1,fa2,,,,,0,1,1248,78,3,16,64,1,1,1,4,0.05042,1.206,301.5,median,100,100,10
[patched_heuristic] llama3_8b_float16_split_auto_alpha16_beta16_bs1,3840,1,32,8,128,16,fp16,1,fa2,,,,,0,1,1280,80,3,16,64,1,1,1,4,0.04973,1.265,316.3,median,100,100,10
[patched_heuristic] llama3_8b_float16_split_auto_alpha16_beta16_bs1,3968,1,32,8,128,16,fp16,1,fa2,,,,,0,1,1328,83,3,16,64,1,1,1,4,0.04992,1.302,325.6,median,100,100,10
[patched_heuristic] llama3_8b_float16_split_auto_alpha16_beta16_bs1,4096,1,32,8,128,16,fp16,1,fa2,,,,,0,1,1024,64,4,16,64,1,1,1,4,0.04964,1.352,338.0,median,100,100,10
[patched_heuristic] llama3_8b_float16_split_auto_alpha16_beta16_bs1,4224,1,32,8,128,16,fp16,1,fa2,,,,,0,1,1056,66,4,16,64,1,1,1,4,0.04998,1.385,346.1,median,100,100,10
[patched_heuristic] llama3_8b_float16_split_auto_alpha16_beta16_bs1,4352,1,32,8,128,16,fp16,1,fa2,,,,,0,1,1088,68,4,16,64,1,1,1,4,0.04993,1.428,357.0,median,100,100,10
[patched_heuristic] llama3_8b_float16_split_auto_alpha16_beta16_bs1,4480,1,32,8,128,16,fp16,1,fa2,,,,,0,1,1120,70,4,16,64,1,1,1,4,0.04978,1.475,368.6,median,100,100,10
[patched_heuristic] llama3_8b_float16_split_auto_alpha16_beta16_bs1,4608,1,32,8,128,16,fp16,1,fa2,,,,,0,1,1152,72,4,16,64,1,1,1,4,0.04996,1.511,377.8,median,100,100,10
[patched_heuristic] llama3_8b_float16_split_auto_alpha16_beta16_bs1,4736,1,32,8,128,16,fp16,1,fa2,,,,,0,1,1184,74,4,16,64,1,1,1,4,0.04992,1.554,388.6,median,100,100,10
[patched_heuristic] llama3_8b_float16_split_auto_alpha16_beta16_bs1,4864,1,32,8,128,16,fp16,1,fa2,,,,,0,1,1216,76,4,16,64,1,1,1,4,0.04961,1.607,401.6,median,100,100,10
[patched_heuristic] llama3_8b_float16_split_auto_alpha16_beta16_bs1,4992,1,32,8,128,16,fp16,1,fa2,,,,,0,1,1248,78,4,16,64,1,1,1,4,0.04982,1.642,410.4,median,100,100,10
[patched_heuristic] llama3_8b_float16_split_auto_alpha16_beta16_bs1,5120,1,32,8,128,16,fp16,1,fa2,,,,,0,1,1024,64,5,16,64,1,1,1,4,0.05001,1.677,419.3,median,100,100,10
[patched_heuristic] llama3_8b_float16_split_auto_alpha16_beta16_bs1,5248,1,32,8,128,16,fp16,1,fa2,,,,,0,1,1056,66,5,16,64,1,1,1,4,0.05005,1.718,429.5,median,100,100,10
[patched_heuristic] llama3_8b_float16_split_auto_alpha16_beta16_bs1,5376,1,32,8,128,16,fp16,1,fa2,,,,,0,1,1088,68,5,16,64,1,1,1,4,0.04998,1.762,440.6,median,100,100,10
[patched_heuristic] llama3_8b_float16_split_auto_alpha16_beta16_bs1,5504,1,32,8,128,16,fp16,1,fa2,,,,,0,1,1104,69,5,16,64,1,1,1,4,0.04994,1.806,451.4,median,100,100,10
[patched_heuristic] llama3_8b_float16_split_auto_alpha16_beta16_bs1,5632,1,32,8,128,16,fp16,1,fa2,,,,,0,1,1136,71,5,16,64,1,1,1,4,0.05003,1.844,461.1,median,100,100,10
[patched_heuristic] llama3_8b_float16_split_auto_alpha16_beta16_bs1,5760,1,32,8,128,16,fp16,1,fa2,,,,,0,1,1152,72,5,16,64,1,1,1,4,0.04989,1.892,472.9,median,100,100,10
[patched_heuristic] llama3_8b_float16_split_auto_alpha16_beta16_bs1,5888,1,32,8,128,16,fp16,1,fa2,,,,,0,1,1184,74,5,16,64,1,1,1,4,0.04993,1.932,483.1,median,100,100,10
[patched_heuristic] llama3_8b_float16_split_auto_alpha16_beta16_bs1,6016,1,32,8,128,16,fp16,1,fa2,,,,,0,1,1216,76,5,16,64,1,1,1,4,0.04992,1.974,493.6,median,100,100,10
[patched_heuristic] llama3_8b_float16_split_auto_alpha16_beta16_bs1,6144,1,32,8,128,16,fp16,1,fa2,,,,,0,1,1024,64,6,16,64,1,1,1,4,0.05105,1.972,493.0,median,100,100,10
[patched_heuristic] llama3_8b_float16_split_auto_alpha16_beta16_bs1,6272,1,32,8,128,16,fp16,1,fa2,,,,,0,1,1056,66,6,16,64,1,1,1,4,0.04983,2.062,515.5,median,100,100,10
[patched_heuristic] llama3_8b_float16_split_auto_alpha16_beta16_bs1,6400,1,32,8,128,16,fp16,1,fa2,,,,,0,1,1072,67,6,16,64,1,1,1,4,0.04988,2.102,525.6,median,100,100,10
[patched_heuristic] llama3_8b_float16_split_auto_alpha16_beta16_bs1,6528,1,32,8,128,16,fp16,1,fa2,,,,,0,1,1088,68,6,16,64,1,1,1,4,0.04975,2.15,537.4,median,100,100,10
[patched_heuristic] llama3_8b_float16_split_auto_alpha16_beta16_bs1,6656,1,32,8,128,16,fp16,1,fa2,,,,,0,1,1120,70,6,16,64,1,1,1,4,0.04999,2.181,545.3,median,100,100,10
[patched_heuristic] llama3_8b_float16_split_auto_alpha16_beta16_bs1,6784,1,32,8,128,16,fp16,1,fa2,,,,,0,1,1136,71,6,16,64,1,1,1,4,0.05068,2.193,548.3,median,100,100,10
[patched_heuristic] llama3_8b_float16_split_auto_alpha16_beta16_bs1,6912,1,32,8,128,16,fp16,1,fa2,,,,,0,1,1152,72,6,16,64,1,1,1,4,0.04997,2.266,566.6,median,100,100,10
[patched_heuristic] llama3_8b_float16_split_auto_alpha16_beta16_bs1,7040,1,32,8,128,16,fp16,1,fa2,,,,,0,1,1184,74,6,16,64,1,1,1,4,0.05145,2.242,560.5,median,100,100,10
[patched_heuristic] llama3_8b_float16_split_auto_alpha16_beta16_bs1,7168,1,32,8,128,16,fp16,1,fa2,,,,,0,1,1024,64,7,16,64,1,1,1,4,0.05047,2.327,581.7,median,100,100,10
[patched_heuristic] llama3_8b_float16_split_auto_alpha16_beta16_bs1,7296,1,32,8,128,16,fp16,1,fa2,,,,,0,1,1056,66,7,16,64,1,1,1,4,0.05024,2.379,594.8,median,100,100,10
[patched_heuristic] llama3_8b_float16_split_auto_alpha16_beta16_bs1,7424,1,32,8,128,16,fp16,1,fa2,,,,,0,1,1072,67,7,16,64,1,1,1,4,0.05025,2.42,605.1,median,100,100,10
[patched_heuristic] llama3_8b_float16_split_auto_alpha16_beta16_bs1,7552,1,32,8,128,16,fp16,1,fa2,,,,,0,1,1088,68,7,16,64,1,1,1,4,0.05016,2.467,616.7,median,100,100,10
[patched_heuristic] llama3_8b_float16_split_auto_alpha16_beta16_bs1,7680,1,32,8,128,16,fp16,1,fa2,,,,,0,1,1104,69,7,16,64,1,1,1,4,0.04993,2.52,630.0,median,100,100,10
[patched_heuristic] llama3_8b_float16_split_auto_alpha16_beta16_bs1,7808,1,32,8,128,16,fp16,1,fa2,,,,,0,1,1120,70,7,16,64,1,1,1,4,0.04967,2.576,643.9,median,100,100,10
[patched_heuristic] llama3_8b_float16_split_auto_alpha16_beta16_bs1,7936,1,32,8,128,16,fp16,1,fa2,,,,,0,1,1136,71,7,16,64,1,1,1,4,0.05082,2.559,639.7,median,100,100,10
[patched_heuristic] llama3_8b_float16_split_auto_alpha16_beta16_bs1,8064,1,32,8,128,16,fp16,1,fa2,,,,,0,1,1152,72,7,16,64,1,1,1,4,0.04987,2.649,662.3,median,100,100,10
[patched_heuristic] llama3_8b_float16_split_auto_alpha16_beta16_bs1,8192,1,32,8,128,16,fp16,1,fa2,,,,,0,1,1024,64,8,16,64,1,1,1,4,0.05085,2.639,659.9,median,100,100,10
[patched_heuristic] llama3_8b_float16_split_auto_alpha16_beta16_bs2,128,2,32,8,128,16,fp16,1,fa2,,,,,0,0,128,8,1,16,64,1,1,1,4,0.04115,0.102,25.5,median,100,100,10
[patched_heuristic] llama3_8b_float16_split_auto_alpha16_beta16_bs2,256,2,32,8,128,16,fp16,1,fa2,,,,,0,0,256,16,1,16,64,1,1,1,4,0.04112,0.204,51.0,median,100,100,10
[patched_heuristic] llama3_8b_float16_split_auto_alpha16_beta16_bs2,384,2,32,8,128,16,fp16,1,fa2,,,,,0,0,384,24,1,16,64,1,1,1,4,0.04121,0.305,76.3,median,100,100,10
[patched_heuristic] llama3_8b_float16_split_auto_alpha16_beta16_bs2,512,2,32,8,128,16,fp16,1,fa2,,,,,0,0,512,32,1,16,64,1,1,1,4,0.04123,0.407,101.7,median,100,100,10
[patched_heuristic] llama3_8b_float16_split_auto_alpha16_beta16_bs2,640,2,32,8,128,16,fp16,1,fa2,,,,,0,0,640,40,1,16,64,1,1,1,4,0.04217,0.497,124.3,median,100,100,10
[patched_heuristic] llama3_8b_float16_split_auto_alpha16_beta16_bs2,768,2,32,8,128,16,fp16,1,fa2,,,,,0,0,768,48,1,16,64,1,1,1,4,0.0422,0.596,149.1,median,100,100,10
[patched_heuristic] llama3_8b_float16_split_auto_alpha16_beta16_bs2,896,2,32,8,128,16,fp16,1,fa2,,,,,0,0,896,56,1,16,64,1,1,1,4,0.04211,0.697,174.3,median,100,100,10
[patched_heuristic] llama3_8b_float16_split_auto_alpha16_beta16_bs2,1024,2,32,8,128,16,fp16,1,fa2,,,,,0,0,1024,64,1,16,64,1,1,1,4,0.04197,0.8,199.9,median,100,100,10
[patched_heuristic] llama3_8b_float16_split_auto_alpha16_beta16_bs2,1152,2,32,8,128,16,fp16,1,fa2,,,,,0,0,1152,72,1,16,64,1,1,1,4,0.04215,0.896,223.9,median,100,100,10
[patched_heuristic] llama3_8b_float16_split_auto_alpha16_beta16_bs2,1280,2,32,8,128,16,fp16,1,fa2,,,,,0,0,1280,80,1,16,64,1,1,1,4,0.04109,1.021,255.2,median,100,100,10
[patched_heuristic] llama3_8b_float16_split_auto_alpha16_beta16_bs2,1408,2,32,8,128,16,fp16,1,fa2,,,,,0,0,1408,88,1,16,64,1,1,1,4,0.0412,1.12,280.0,median,100,100,10
[patched_heuristic] llama3_8b_float16_split_auto_alpha16_beta16_bs2,1536,2,32,8,128,16,fp16,1,fa2,,,,,0,0,1536,96,1,16,64,1,1,1,4,0.04109,1.225,306.3,median,100,100,10
[patched_heuristic] llama3_8b_float16_split_auto_alpha16_beta16_bs2,1664,2,32,8,128,16,fp16,1,fa2,,,,,0,0,1664,104,1,16,64,1,1,1,4,0.04152,1.313,328.3,median,100,100,10
[patched_heuristic] llama3_8b_float16_split_auto_alpha16_beta16_bs2,1792,2,32,8,128,16,fp16,1,fa2,,,,,0,0,1792,112,1,16,64,1,1,1,4,0.04155,1.413,353.3,median,100,100,10
[patched_heuristic] llama3_8b_float16_split_auto_alpha16_beta16_bs2,1920,2,32,8,128,16,fp16,1,fa2,,,,,0,0,1920,120,1,16,64,1,1,1,4,0.04146,1.518,379.4,median,100,100,10
[patched_heuristic] llama3_8b_float16_split_auto_alpha16_beta16_bs2,2048,2,32,8,128,16,fp16,1,fa2,,,,,0,1,1024,64,2,16,64,1,1,1,4,0.04955,1.354,338.6,median,100,100,10
[patched_heuristic] llama3_8b_float16_split_auto_alpha16_beta16_bs2,2176,2,32,8,128,16,fp16,1,fa2,,,,,0,1,1088,68,2,16,64,1,1,1,4,0.04999,1.426,356.6,median,100,100,10
[patched_heuristic] llama3_8b_float16_split_auto_alpha16_beta16_bs2,2304,2,32,8,128,16,fp16,1,fa2,,,,,0,1,1152,72,2,16,64,1,1,1,4,0.04997,1.511,377.7,median,100,100,10
[patched_heuristic] llama3_8b_float16_split_auto_alpha16_beta16_bs2,2432,2,32,8,128,16,fp16,1,fa2,,,,,0,1,1216,76,2,16,64,1,1,1,4,0.04969,1.604,400.9,median,100,100,10
[patched_heuristic] llama3_8b_float16_split_auto_alpha16_beta16_bs2,2560,2,32,8,128,16,fp16,1,fa2,,,,,0,1,1280,80,2,16,64,1,1,1,4,0.05069,1.655,413.7,median,100,100,10
[patched_heuristic] llama3_8b_float16_split_auto_alpha16_beta16_bs2,2688,2,32,8,128,16,fp16,1,fa2,,,,,0,1,1344,84,2,16,64,1,1,1,4,0.04998,1.762,440.6,median,100,100,10
[patched_heuristic] llama3_8b_float16_split_auto_alpha16_beta16_bs2,2816,2,32,8,128,16,fp16,1,fa2,,,,,0,1,1408,88,2,16,64,1,1,1,4,0.04977,1.854,463.5,median,100,100,10
[patched_heuristic] llama3_8b_float16_split_auto_alpha16_beta16_bs2,2944,2,32,8,128,16,fp16,1,fa2,,,,,0,1,1472,92,2,16,64,1,1,1,4,0.05015,1.924,480.9,median,100,100,10
[patched_heuristic] llama3_8b_float16_split_auto_alpha16_beta16_bs2,3072,2,32,8,128,16,fp16,1,fa2,,,,,0,1,1024,64,3,16,64,1,1,1,4,0.05092,1.977,494.3,median,100,100,10
[patched_heuristic] llama3_8b_float16_split_auto_alpha16_beta16_bs2,3200,2,32,8,128,16,fp16,1,fa2,,,,,0,1,1072,67,3,16,64,1,1,1,4,0.04987,2.103,525.6,median,100,100,10
[patched_heuristic] llama3_8b_float16_split_auto_alpha16_beta16_bs2,3328,2,32,8,128,16,fp16,1,fa2,,,,,0,1,1120,70,3,16,64,1,1,1,4,0.05004,2.179,544.8,median,100,100,10
[patched_heuristic] llama3_8b_float16_split_auto_alpha16_beta16_bs2,3456,2,32,8,128,16,fp16,1,fa2,,,,,0,1,1152,72,3,16,64,1,1,1,4,0.05013,2.259,564.7,median,100,100,10
[patched_heuristic] llama3_8b_float16_split_auto_alpha16_beta16_bs2,3584,2,32,8,128,16,fp16,1,fa2,,,,,0,1,1200,75,3,16,64,1,1,1,4,0.04981,2.358,589.5,median,100,100,10
[patched_heuristic] llama3_8b_float16_split_auto_alpha16_beta16_bs2,3712,2,32,8,128,16,fp16,1,fa2,,,,,0,1,1248,78,3,16,64,1,1,1,4,0.0501,2.428,607.0,median,100,100,10
[patched_heuristic] llama3_8b_float16_split_auto_alpha16_beta16_bs2,3840,2,32,8,128,16,fp16,1,fa2,,,,,0,1,1280,80,3,16,64,1,1,1,4,0.05028,2.503,625.7,median,100,100,10
[patched_heuristic] llama3_8b_float16_split_auto_alpha16_beta16_bs2,3968,2,32,8,128,16,fp16,1,fa2,,,,,0,1,1328,83,3,16,64,1,1,1,4,0.05055,2.572,643.1,median,100,100,10
[patched_heuristic] llama3_8b_float16_split_auto_alpha16_beta16_bs2,4096,2,32,8,128,16,fp16,1,fa2,,,,,0,1,1024,64,4,16,64,1,1,1,4,0.04998,2.685,671.4,median,100,100,10
[patched_heuristic] llama3_8b_float16_split_auto_alpha16_beta16_bs2,4224,2,32,8,128,16,fp16,1,fa2,,,,,0,1,1056,66,4,16,64,1,1,1,4,0.04955,2.793,698.3,median,100,100,10
[patched_heuristic] llama3_8b_float16_split_auto_alpha16_beta16_bs2,4352,2,32,8,128,16,fp16,1,fa2,,,,,0,1,1088,68,4,16,64,1,1,1,4,0.05032,2.834,708.4,median,100,100,10
[patched_heuristic] llama3_8b_float16_split_auto_alpha16_beta16_bs2,4480,2,32,8,128,16,fp16,1,fa2,,,,,0,1,1120,70,4,16,64,1,1,1,4,0.05105,2.876,718.9,median,100,100,10
[patched_heuristic] llama3_8b_float16_split_auto_alpha16_beta16_bs2,4608,2,32,8,128,16,fp16,1,fa2,,,,,0,1,1152,72,4,16,64,1,1,1,4,0.05284,2.858,714.4,median,100,100,10
[patched_heuristic] llama3_8b_float16_split_auto_alpha16_beta16_bs2,4736,2,32,8,128,16,fp16,1,fa2,,,,,0,1,1184,74,4,16,64,1,1,1,4,0.0535,2.901,725.2,median,100,100,10
[patched_heuristic] llama3_8b_float16_split_auto_alpha16_beta16_bs2,4864,2,32,8,128,16,fp16,1,fa2,,,,,0,1,1216,76,4,16,64,1,1,1,4,0.0553,2.882,720.5,median,100,100,10
[patched_heuristic] llama3_8b_float16_split_auto_alpha16_beta16_bs2,4992,2,32,8,128,16,fp16,1,fa2,,,,,0,1,1248,78,4,16,64,1,1,1,4,0.05603,2.92,729.9,median,100,100,10
[patched_heuristic] llama3_8b_float16_split_auto_alpha16_beta16_bs2,5120,2,32,8,128,16,fp16,1,fa2,,,,,0,1,1024,64,5,16,64,1,1,1,4,0.05755,2.915,728.9,median,100,100,10
[patched_heuristic] llama3_8b_float16_split_auto_alpha16_beta16_bs2,5248,2,32,8,128,16,fp16,1,fa2,,,,,0,1,1056,66,5,16,64,1,1,1,4,0.0583,2.95,737.4,median,100,100,10
[patched_heuristic] llama3_8b_float16_split_auto_alpha16_beta16_bs2,5376,2,32,8,128,16,fp16,1,fa2,,,,,0,1,1088,68,5,16,64,1,1,1,4,0.05997,2.938,734.4,median,100,100,10
[patched_heuristic] llama3_8b_float16_split_auto_alpha16_beta16_bs2,5504,2,32,8,128,16,fp16,1,fa2,,,,,0,1,1104,69,5,16,64,1,1,1,4,0.0607,2.971,742.8,median,100,100,10
[patched_heuristic] llama3_8b_float16_split_auto_alpha16_beta16_bs2,5632,2,32,8,128,16,fp16,1,fa2,,,,,0,1,1136,71,5,16,64,1,1,1,4,0.06239,2.958,739.5,median,100,100,10
[patched_heuristic] llama3_8b_float16_split_auto_alpha16_beta16_bs2,5760,2,32,8,128,16,fp16,1,fa2,,,,,0,1,1152,72,5,16,64,1,1,1,4,0.06317,2.988,747.0,median,100,100,10
[patched_heuristic] llama3_8b_float16_split_auto_alpha16_beta16_bs2,5888,2,32,8,128,16,fp16,1,fa2,,,,,0,1,1184,74,5,16,64,1,1,1,4,0.06482,2.976,744.1,median,100,100,10
[patched_heuristic] llama3_8b_float16_split_auto_alpha16_beta16_bs2,6016,2,32,8,128,16,fp16,1,fa2,,,,,0,1,1216,76,5,16,64,1,1,1,4,0.06516,3.025,756.3,median,100,100,10
[patched_heuristic] llama3_8b_float16_split_auto_alpha16_beta16_bs2,6144,2,32,8,128,16,fp16,1,fa2,,,,,0,1,1024,64,6,16,64,1,1,1,4,0.06896,2.919,729.9,median,100,100,10
[patched_heuristic] llama3_8b_float16_split_auto_alpha16_beta16_bs2,6272,2,32,8,128,16,fp16,1,fa2,,,,,0,1,1056,66,6,16,64,1,1,1,4,0.0691,2.974,743.6,median,100,100,10
[patched_heuristic] llama3_8b_float16_split_auto_alpha16_beta16_bs2,6400,2,32,8,128,16,fp16,1,fa2,,,,,0,1,1072,67,6,16,64,1,1,1,4,0.07084,2.961,740.1,median,100,100,10
[patched_heuristic] llama3_8b_float16_split_auto_alpha16_beta16_bs2,6528,2,32,8,128,16,fp16,1,fa2,,,,,0,1,1088,68,6,16,64,1,1,1,4,0.07114,3.007,751.7,median,100,100,10
[patched_heuristic] llama3_8b_float16_split_auto_alpha16_beta16_bs2,6656,2,32,8,128,16,fp16,1,fa2,,,,,0,1,1120,70,6,16,64,1,1,1,4,0.07337,2.973,743.2,median,100,100,10
[patched_heuristic] llama3_8b_float16_split_auto_alpha16_beta16_bs2,6784,2,32,8,128,16,fp16,1,fa2,,,,,0,1,1136,71,6,16,64,1,1,1,4,0.07374,3.014,753.6,median,100,100,10
[patched_heuristic] llama3_8b_float16_split_auto_alpha16_beta16_bs2,6912,2,32,8,128,16,fp16,1,fa2,,,,,0,1,1152,72,6,16,64,1,1,1,4,0.07548,3.001,750.1,median,100,100,10
[patched_heuristic] llama3_8b_float16_split_auto_alpha16_beta16_bs2,7040,2,32,8,128,16,fp16,1,fa2,,,,,0,1,1184,74,6,16,64,1,1,1,4,0.07621,3.027,756.8,median,100,100,10
[patched_heuristic] llama3_8b_float16_split_auto_alpha16_beta16_bs2,7168,2,32,8,128,16,fp16,1,fa2,,,,,0,1,1024,64,7,16,64,1,1,1,4,0.07832,2.999,749.8,median,100,100,10
[patched_heuristic] llama3_8b_float16_split_auto_alpha16_beta16_bs2,7296,2,32,8,128,16,fp16,1,fa2,,,,,0,1,1056,66,7,16,64,1,1,1,4,0.07861,3.041,760.3,median,100,100,10
[patched_heuristic] llama3_8b_float16_split_auto_alpha16_beta16_bs2,7424,2,32,8,128,16,fp16,1,fa2,,,,,0,1,1072,67,7,16,64,1,1,1,4,0.08042,3.025,756.3,median,100,100,10
[patched_heuristic] llama3_8b_float16_split_auto_alpha16_beta16_bs2,7552,2,32,8,128,16,fp16,1,fa2,,,,,0,1,1088,68,7,16,64,1,1,1,4,0.08072,3.066,766.4,median,100,100,10
[patched_heuristic] llama3_8b_float16_split_auto_alpha16_beta16_bs2,7680,2,32,8,128,16,fp16,1,fa2,,,,,0,1,1104,69,7,16,64,1,1,1,4,0.08337,3.019,754.6,median,100,100,10
[patched_heuristic] llama3_8b_float16_split_auto_alpha16_beta16_bs2,7808,2,32,8,128,16,fp16,1,fa2,,,,,0,1,1120,70,7,16,64,1,1,1,4,0.08334,3.07,767.5,median,100,100,10
[patched_heuristic] llama3_8b_float16_split_auto_alpha16_beta16_bs2,7936,2,32,8,128,16,fp16,1,fa2,,,,,0,1,1136,71,7,16,64,1,1,1,4,0.08477,3.068,766.9,median,100,100,10
[patched_heuristic] llama3_8b_float16_split_auto_alpha16_beta16_bs2,8064,2,32,8,128,16,fp16,1,fa2,,,,,0,1,1152,72,7,16,64,1,1,1,4,0.0855,3.09,772.6,median,100,100,10
[patched_heuristic] llama3_8b_float16_split_auto_alpha16_beta16_bs2,8192,2,32,8,128,16,fp16,1,fa2,,,,,0,1,1024,64,8,16,64,1,1,1,4,0.08765,3.063,765.7,median,100,100,10
[patched_heuristic] llama3_8b_float16_split_auto_alpha16_beta16_bs4,128,4,32,8,128,16,fp16,1,fa2,,,,,0,0,128,8,1,16,64,1,1,1,4,0.04125,0.203,50.8,median,100,100,10
[patched_heuristic] llama3_8b_float16_split_auto_alpha16_beta16_bs4,256,4,32,8,128,16,fp16,1,fa2,,,,,0,0,256,16,1,16,64,1,1,1,4,0.04096,0.41,102.4,median,100,100,10
[patched_heuristic] llama3_8b_float16_split_auto_alpha16_beta16_bs4,384,4,32,8,128,16,fp16,1,fa2,,,,,0,0,384,24,1,16,64,1,1,1,4,0.04124,0.61,152.6,median,100,100,10
[patched_heuristic] llama3_8b_float16_split_auto_alpha16_beta16_bs4,512,4,32,8,128,16,fp16,1,fa2,,,,,0,0,512,32,1,16,64,1,1,1,4,0.04161,0.806,201.6,median,100,100,10
[patched_heuristic] llama3_8b_float16_split_auto_alpha16_beta16_bs4,640,4,32,8,128,16,fp16,1,fa2,,,,,0,0,640,40,1,16,64,1,1,1,4,0.04115,1.019,254.8,median,100,100,10
[patched_heuristic] llama3_8b_float16_split_auto_alpha16_beta16_bs4,768,4,32,8,128,16,fp16,1,fa2,,,,,0,0,768,48,1,16,64,1,1,1,4,0.04139,1.216,304.0,median,100,100,10
[patched_heuristic] llama3_8b_float16_split_auto_alpha16_beta16_bs4,896,4,32,8,128,16,fp16,1,fa2,,,,,0,0,896,56,1,16,64,1,1,1,4,0.04111,1.428,357.1,median,100,100,10
[patched_heuristic] llama3_8b_float16_split_auto_alpha16_beta16_bs4,1024,4,32,8,128,16,fp16,1,fa2,,,,,0,0,1024,64,1,16,64,1,1,1,4,0.0415,1.617,404.3,median,100,100,10
[patched_heuristic] llama3_8b_float16_split_auto_alpha16_beta16_bs4,1152,4,32,8,128,16,fp16,1,fa2,,,,,0,0,1152,72,1,16,64,1,1,1,4,0.04102,1.84,460.1,median,100,100,10
[patched_heuristic] llama3_8b_float16_split_auto_alpha16_beta16_bs4,1280,4,32,8,128,16,fp16,1,fa2,,,,,0,0,1280,80,1,16,64,1,1,1,4,0.04123,2.035,508.7,median,100,100,10
[patched_heuristic] llama3_8b_float16_split_auto_alpha16_beta16_bs4,1408,4,32,8,128,16,fp16,1,fa2,,,,,0,0,1408,88,1,16,64,1,1,1,4,0.04145,2.226,556.5,median,100,100,10
[patched_heuristic] llama3_8b_float16_split_auto_alpha16_beta16_bs4,1536,4,32,8,128,16,fp16,1,fa2,,,,,0,0,1536,96,1,16,64,1,1,1,4,0.04158,2.421,605.3,median,100,100,10
[patched_heuristic] llama3_8b_float16_split_auto_alpha16_beta16_bs4,1664,4,32,8,128,16,fp16,1,fa2,,,,,0,0,1664,104,1,16,64,1,1,1,4,0.04186,2.605,651.3,median,100,100,10
[patched_heuristic] llama3_8b_float16_split_auto_alpha16_beta16_bs4,1792,4,32,8,128,16,fp16,1,fa2,,,,,0,0,1792,112,1,16,64,1,1,1,4,0.04182,2.808,702.1,median,100,100,10
[patched_heuristic] llama3_8b_float16_split_auto_alpha16_beta16_bs4,1920,4,32,8,128,16,fp16,1,fa2,,,,,0,0,1920,120,1,16,64,1,1,1,4,0.04359,2.887,721.7,median,100,100,10
[patched_heuristic] llama3_8b_float16_split_auto_alpha16_beta16_bs4,2048,4,32,8,128,16,fp16,1,fa2,,,,,0,1,1024,64,2,16,64,1,1,1,4,0.05028,2.669,667.3,median,100,100,10
[patched_heuristic] llama3_8b_float16_split_auto_alpha16_beta16_bs4,2176,4,32,8,128,16,fp16,1,fa2,,,,,0,1,1088,68,2,16,64,1,1,1,4,0.05008,2.847,711.9,median,100,100,10
[patched_heuristic] llama3_8b_float16_split_auto_alpha16_beta16_bs4,2304,4,32,8,128,16,fp16,1,fa2,,,,,0,1,1152,72,2,16,64,1,1,1,4,0.05273,2.863,715.8,median,100,100,10
[patched_heuristic] llama3_8b_float16_split_auto_alpha16_beta16_bs4,2432,4,32,8,128,16,fp16,1,fa2,,,,,0,1,1216,76,2,16,64,1,1,1,4,0.05444,2.928,731.9,median,100,100,10
[patched_heuristic] llama3_8b_float16_split_auto_alpha16_beta16_bs4,2560,4,32,8,128,16,fp16,1,fa2,,,,,0,1,1280,80,2,16,64,1,1,1,4,0.05762,2.912,728.0,median,100,100,10
[patched_heuristic] llama3_8b_float16_split_auto_alpha16_beta16_bs4,2688,4,32,8,128,16,fp16,1,fa2,,,,,0,1,1344,84,2,16,64,1,1,1,4,0.05923,2.974,743.5,median,100,100,10
[patched_heuristic] llama3_8b_float16_split_auto_alpha16_beta16_bs4,2816,4,32,8,128,16,fp16,1,fa2,,,,,0,1,1408,88,2,16,64,1,1,1,4,0.06251,2.952,738.1,median,100,100,10
[patched_heuristic] llama3_8b_float16_split_auto_alpha16_beta16_bs4,2944,4,32,8,128,16,fp16,1,fa2,,,,,0,1,1472,92,2,16,64,1,1,1,4,0.06399,3.015,753.8,median,100,100,10
[patched_heuristic] llama3_8b_float16_split_auto_alpha16_beta16_bs4,3072,4,32,8,128,16,fp16,1,fa2,,,,,0,1,1024,64,3,16,64,1,1,1,4,0.06901,2.917,729.3,median,100,100,10
[patched_heuristic] llama3_8b_float16_split_auto_alpha16_beta16_bs4,3200,4,32,8,128,16,fp16,1,fa2,,,,,0,1,1072,67,3,16,64,1,1,1,4,0.07031,2.983,745.7,median,100,100,10
[patched_heuristic] llama3_8b_float16_split_auto_alpha16_beta16_bs4,3328,4,32,8,128,16,fp16,1,fa2,,,,,0,1,1120,70,3,16,64,1,1,1,4,0.07349,2.968,741.9,median,100,100,10
[patched_heuristic] llama3_8b_float16_split_auto_alpha16_beta16_bs4,3456,4,32,8,128,16,fp16,1,fa2,,,,,0,1,1152,72,3,16,64,1,1,1,4,0.07556,2.997,749.4,median,100,100,10
[patched_heuristic] llama3_8b_float16_split_auto_alpha16_beta16_bs4,3584,4,32,8,128,16,fp16,1,fa2,,,,,0,1,1200,75,3,16,64,1,1,1,4,0.07827,3.001,750.2,median,100,100,10
[patched_heuristic] llama3_8b_float16_split_auto_alpha16_beta16_bs4,3712,4,32,8,128,16,fp16,1,fa2,,,,,0,1,1248,78,3,16,64,1,1,1,4,0.08012,3.036,759.1,median,100,100,10
[patched_heuristic] llama3_8b_float16_split_auto_alpha16_beta16_bs4,3840,4,32,8,128,16,fp16,1,fa2,,,,,0,1,1280,80,3,16,64,1,1,1,4,0.08302,3.031,757.8,median,100,100,10
[patched_heuristic] llama3_8b_float16_split_auto_alpha16_beta16_bs4,3968,4,32,8,128,16,fp16,1,fa2,,,,,0,1,1328,83,3,16,64,1,1,1,4,0.08463,3.073,768.1,median,100,100,10
[patched_heuristic] llama3_8b_float16_split_auto_alpha16_beta16_bs4,4096,4,32,8,128,16,fp16,1,fa2,,,,,0,1,1024,64,4,16,64,1,1,1,4,0.08754,3.066,766.6,median,100,100,10
[patched_heuristic] llama3_8b_float16_split_auto_alpha16_beta16_bs4,4224,4,32,8,128,16,fp16,1,fa2,,,,,0,1,1056,66,4,16,64,1,1,1,4,0.08949,3.093,773.3,median,100,100,10
[patched_heuristic] llama3_8b_float16_split_auto_alpha16_beta16_bs4,4352,4,32,8,128,16,fp16,1,fa2,,,,,0,1,1088,68,4,16,64,1,1,1,4,0.09217,3.094,773.6,median,100,100,10
[patched_heuristic] llama3_8b_float16_split_auto_alpha16_beta16_bs4,4480,4,32,8,128,16,fp16,1,fa2,,,,,0,1,1120,70,4,16,64,1,1,1,4,0.0942,3.117,779.2,median,100,100,10
[patched_heuristic] llama3_8b_float16_split_auto_alpha16_beta16_bs4,4608,4,32,8,128,16,fp16,1,fa2,,,,,0,1,1152,72,4,16,64,1,1,1,4,0.09696,3.115,778.7,median,100,100,10
[patched_heuristic] llama3_8b_float16_split_auto_alpha16_beta16_bs4,4736,4,32,8,128,16,fp16,1,fa2,,,,,0,1,1184,74,4,16,64,1,1,1,4,0.09914,3.131,782.7,median,100,100,10
[patched_heuristic] llama3_8b_float16_split_auto_alpha16_beta16_bs4,4864,4,32,8,128,16,fp16,1,fa2,,,,,0,1,1216,76,4,16,64,1,1,1,4,0.10177,3.132,783.1,median,100,100,10
[patched_heuristic] llama3_8b_float16_split_auto_alpha16_beta16_bs4,4992,4,32,8,128,16,fp16,1,fa2,,,,,0,1,1248,78,4,16,64,1,1,1,4,0.1044,3.134,783.4,median,100,100,10
[patched_heuristic] llama3_8b_float16_split_auto_alpha16_beta16_bs4,5120,4,32,8,128,16,fp16,1,fa2,,,,,0,1,1280,80,4,16,64,1,1,1,4,0.1066,3.148,787.0,median,100,100,10
[patched_heuristic] llama3_8b_float16_split_auto_alpha16_beta16_bs4,5248,4,32,8,128,16,fp16,1,fa2,,,,,0,1,1312,82,4,16,64,1,1,1,4,0.10893,3.157,789.4,median,100,100,10
[patched_heuristic] llama3_8b_float16_split_auto_alpha16_beta16_bs4,5376,4,32,8,128,16,fp16,1,fa2,,,,,0,1,1344,84,4,16,64,1,1,1,4,0.11127,3.166,791.6,median,100,100,10
[patched_heuristic] llama3_8b_float16_split_auto_alpha16_beta16_bs4,5504,4,32,8,128,16,fp16,1,fa2,,,,,0,1,1376,86,4,16,64,1,1,1,4,0.11333,3.183,795.7,median,100,100,10
[patched_heuristic] llama3_8b_float16_split_auto_alpha16_beta16_bs4,5632,4,32,8,128,16,fp16,1,fa2,,,,,0,1,1408,88,4,16,64,1,1,1,4,0.11585,3.186,796.5,median,100,100,10
[patched_heuristic] llama3_8b_float16_split_auto_alpha16_beta16_bs4,5760,4,32,8,128,16,fp16,1,fa2,,,,,0,1,1440,90,4,16,64,1,1,1,4,0.11847,3.186,796.6,median,100,100,10
[patched_heuristic] llama3_8b_float16_split_auto_alpha16_beta16_bs4,5888,4,32,8,128,16,fp16,1,fa2,,,,,0,1,1472,92,4,16,64,1,1,1,4,0.12068,3.198,799.4,median,100,100,10
[patched_heuristic] llama3_8b_float16_split_auto_alpha16_beta16_bs4,6016,4,32,8,128,16,fp16,1,fa2,,,,,0,1,1504,94,4,16,64,1,1,1,4,0.12257,3.217,804.2,median,100,100,10
[patched_heuristic] llama3_8b_float16_split_auto_alpha16_beta16_bs4,6144,4,32,8,128,16,fp16,1,fa2,,,,,0,1,1536,96,4,16,64,1,1,1,4,0.12554,3.207,801.8,median,100,100,10
[patched_heuristic] llama3_8b_float16_split_auto_alpha16_beta16_bs4,6272,4,32,8,128,16,fp16,1,fa2,,,,,0,1,1568,98,4,16,64,1,1,1,4,0.12769,3.219,804.8,median,100,100,10
[patched_heuristic] llama3_8b_float16_split_auto_alpha16_beta16_bs4,6400,4,32,8,128,16,fp16,1,fa2,,,,,0,1,1600,100,4,16,64,1,1,1,4,0.12956,3.237,809.3,median,100,100,10
[patched_heuristic] llama3_8b_float16_split_auto_alpha16_beta16_bs4,6528,4,32,8,128,16,fp16,1,fa2,,,,,0,1,1632,102,4,16,64,1,1,1,4,0.13221,3.236,809.0,median,100,100,10
[patched_heuristic] llama3_8b_float16_split_auto_alpha16_beta16_bs4,6656,4,32,8,128,16,fp16,1,fa2,,,,,0,1,1664,104,4,16,64,1,1,1,4,0.13474,3.238,809.4,median,100,100,10
[patched_heuristic] llama3_8b_float16_split_auto_alpha16_beta16_bs4,6784,4,32,8,128,16,fp16,1,fa2,,,,,0,1,1696,106,4,16,64,1,1,1,4,0.13701,3.245,811.2,median,100,100,10
[patched_heuristic] llama3_8b_float16_split_auto_alpha16_beta16_bs4,6912,4,32,8,128,16,fp16,1,fa2,,,,,0,1,1728,108,4,16,64,1,1,1,4,0.13943,3.249,812.2,median,100,100,10
[patched_heuristic] llama3_8b_float16_split_auto_alpha16_beta16_bs4,7040,4,32,8,128,16,fp16,1,fa2,,,,,0,1,1760,110,4,16,64,1,1,1,4,0.14165,3.257,814.3,median,100,100,10
[patched_heuristic] llama3_8b_float16_split_auto_alpha16_beta16_bs4,7168,4,32,8,128,16,fp16,1,fa2,,,,,0,1,1792,112,4,16,64,1,1,1,4,0.14394,3.264,815.9,median,100,100,10
[patched_heuristic] llama3_8b_float16_split_auto_alpha16_beta16_bs4,7296,4,32,8,128,16,fp16,1,fa2,,,,,0,1,1824,114,4,16,64,1,1,1,4,0.14623,3.27,817.4,median,100,100,10
[patched_heuristic] llama3_8b_float16_split_auto_alpha16_beta16_bs4,7424,4,32,8,128,16,fp16,1,fa2,,,,,0,1,1856,116,4,16,64,1,1,1,4,0.14883,3.269,817.3,median,100,100,10
[patched_heuristic] llama3_8b_float16_split_auto_alpha16_beta16_bs4,7552,4,32,8,128,16,fp16,1,fa2,,,,,0,1,1888,118,4,16,64,1,1,1,4,0.15129,3.271,817.9,median,100,100,10
[patched_heuristic] llama3_8b_float16_split_auto_alpha16_beta16_bs4,7680,4,32,8,128,16,fp16,1,fa2,,,,,0,1,1920,120,4,16,64,1,1,1,4,0.15376,3.273,818.4,median,100,100,10
[patched_heuristic] llama3_8b_float16_split_auto_alpha16_beta16_bs4,7808,4,32,8,128,16,fp16,1,fa2,,,,,0,1,1952,122,4,16,64,1,1,1,4,0.15556,3.289,822.3,median,100,100,10
[patched_heuristic] llama3_8b_float16_split_auto_alpha16_beta16_bs4,7936,4,32,8,128,16,fp16,1,fa2,,,,,0,1,1984,124,4,16,64,1,1,1,4,0.15808,3.29,822.5,median,100,100,10
[patched_heuristic] llama3_8b_float16_split_auto_alpha16_beta16_bs4,8064,4,32,8,128,16,fp16,1,fa2,,,,,0,1,2016,126,4,16,64,1,1,1,4,0.16048,3.293,823.3,median,100,100,10
[patched_heuristic] llama3_8b_float16_split_auto_alpha16_beta16_bs4,8192,4,32,8,128,16,fp16,1,fa2,,,,,0,1,2048,128,4,16,64,1,1,1,4,0.16285,3.297,824.2,median,100,100,10
[patched_heuristic] llama3_8b_float16_split_auto_alpha16_beta16_bs8,128,8,32,8,128,16,fp16,1,fa2,,,,,0,0,128,8,1,16,64,1,1,1,4,0.04124,0.407,101.7,median,100,100,10
[patched_heuristic] llama3_8b_float16_split_auto_alpha16_beta16_bs8,256,8,32,8,128,16,fp16,1,fa2,,,,,0,0,256,16,1,16,64,1,1,1,4,0.04129,0.813,203.2,median,100,100,10
[patched_heuristic] llama3_8b_float16_split_auto_alpha16_beta16_bs8,384,8,32,8,128,16,fp16,1,fa2,,,,,0,0,384,24,1,16,64,1,1,1,4,0.04137,1.217,304.2,median,100,100,10
[patched_heuristic] llama3_8b_float16_split_auto_alpha16_beta16_bs8,512,8,32,8,128,16,fp16,1,fa2,,,,,0,0,512,32,1,16,64,1,1,1,4,0.04238,1.584,395.9,median,100,100,10
[patched_heuristic] llama3_8b_float16_split_auto_alpha16_beta16_bs8,640,8,32,8,128,16,fp16,1,fa2,,,,,0,0,640,40,1,16,64,1,1,1,4,0.04158,2.018,504.4,median,100,100,10
[patched_heuristic] llama3_8b_float16_split_auto_alpha16_beta16_bs8,768,8,32,8,128,16,fp16,1,fa2,,,,,0,0,768,48,1,16,64,1,1,1,4,0.0411,2.449,612.4,median,100,100,10
[patched_heuristic] llama3_8b_float16_split_auto_alpha16_beta16_bs8,896,8,32,8,128,16,fp16,1,fa2,,,,,0,0,896,56,1,16,64,1,1,1,4,0.04153,2.828,707.0,median,100,100,10
[patched_heuristic] llama3_8b_float16_split_auto_alpha16_beta16_bs8,1024,8,32,8,128,16,fp16,1,fa2,,,,,0,0,1024,64,1,16,64,1,1,1,4,0.0449,2.99,747.4,median,100,100,10
[patched_heuristic] llama3_8b_float16_split_auto_alpha16_beta16_bs8,1152,8,32,8,128,16,fp16,1,fa2,,,,,0,0,1152,72,1,16,64,1,1,1,4,0.04956,3.047,761.7,median,100,100,10
[patched_heuristic] llama3_8b_float16_split_auto_alpha16_beta16_bs8,1280,8,32,8,128,16,fp16,1,fa2,,,,,0,0,1280,80,1,16,64,1,1,1,4,0.05449,3.079,769.8,median,100,100,10
[patched_heuristic] llama3_8b_float16_split_auto_alpha16_beta16_bs8,1408,8,32,8,128,16,fp16,1,fa2,,,,,0,0,1408,88,1,16,64,1,1,1,4,0.05903,3.126,781.6,median,100,100,10
[patched_heuristic] llama3_8b_float16_split_auto_alpha16_beta16_bs8,1536,8,32,8,128,16,fp16,1,fa2,,,,,0,0,1536,96,1,16,64,1,1,1,4,0.06404,3.144,786.0,median,100,100,10
[patched_heuristic] llama3_8b_float16_split_auto_alpha16_beta16_bs8,1664,8,32,8,128,16,fp16,1,fa2,,,,,0,0,1664,104,1,16,64,1,1,1,4,0.06844,3.187,796.7,median,100,100,10
[patched_heuristic] llama3_8b_float16_split_auto_alpha16_beta16_bs8,1792,8,32,8,128,16,fp16,1,fa2,,,,,0,0,1792,112,1,16,64,1,1,1,4,0.0733,3.204,801.1,median,100,100,10
[patched_heuristic] llama3_8b_float16_split_auto_alpha16_beta16_bs8,1920,8,32,8,128,16,fp16,1,fa2,,,,,0,0,1920,120,1,16,64,1,1,1,4,0.07801,3.226,806.5,median,100,100,10
[patched_heuristic] llama3_8b_float16_split_auto_alpha16_beta16_bs8,2048,8,32,8,128,16,fp16,1,fa2,,,,,0,1,1024,64,2,16,64,1,1,1,4,0.08823,3.043,760.6,median,100,100,10
[patched_heuristic] llama3_8b_float16_split_auto_alpha16_beta16_bs8,2176,8,32,8,128,16,fp16,1,fa2,,,,,0,1,1088,68,2,16,64,1,1,1,4,0.09235,3.088,772.1,median,100,100,10
[patched_heuristic] llama3_8b_float16_split_auto_alpha16_beta16_bs8,2304,8,32,8,128,16,fp16,1,fa2,,,,,0,1,1152,72,2,16,64,1,1,1,4,0.09811,3.078,769.6,median,100,100,10
[patched_heuristic] llama3_8b_float16_split_auto_alpha16_beta16_bs8,2432,8,32,8,128,16,fp16,1,fa2,,,,,0,1,1216,76,2,16,64,1,1,1,4,0.10222,3.118,779.6,median,100,100,10
[patched_heuristic] llama3_8b_float16_split_auto_alpha16_beta16_bs8,2560,8,32,8,128,16,fp16,1,fa2,,,,,0,1,1280,80,2,16,64,1,1,1,4,0.10722,3.129,782.4,median,100,100,10
[patched_heuristic] llama3_8b_float16_split_auto_alpha16_beta16_bs8,2688,8,32,8,128,16,fp16,1,fa2,,,,,0,1,1344,84,2,16,64,1,1,1,4,0.11122,3.168,792.0,median,100,100,10
[patched_heuristic] llama3_8b_float16_split_auto_alpha16_beta16_bs8,2816,8,32,8,128,16,fp16,1,fa2,,,,,0,1,1408,88,2,16,64,1,1,1,4,0.11634,3.172,793.1,median,100,100,10
[patched_heuristic] llama3_8b_float16_split_auto_alpha16_beta16_bs8,2944,8,32,8,128,16,fp16,1,fa2,,,,,0,1,1472,92,2,16,64,1,1,1,4,0.12047,3.203,800.8,median,100,100,10
[patched_heuristic] llama3_8b_float16_split_auto_alpha16_beta16_bs8,3072,8,32,8,128,16,fp16,1,fa2,,,,,0,1,1536,96,2,16,64,1,1,1,4,0.12583,3.2,800.0,median,100,100,10
[patched_heuristic] llama3_8b_float16_split_auto_alpha16_beta16_bs8,3200,8,32,8,128,16,fp16,1,fa2,,,,,0,1,1600,100,2,16,64,1,1,1,4,0.13006,3.225,806.2,median,100,100,10
[patched_heuristic] llama3_8b_float16_split_auto_alpha16_beta16_bs8,3328,8,32,8,128,16,fp16,1,fa2,,,,,0,1,1664,104,2,16,64,1,1,1,4,0.13539,3.222,805.5,median,100,100,10
[patched_heuristic] llama3_8b_float16_split_auto_alpha16_beta16_bs8,3456,8,32,8,128,16,fp16,1,fa2,,,,,0,1,1728,108,2,16,64,1,1,1,4,0.13948,3.248,811.9,median,100,100,10
[patched_heuristic] llama3_8b_float16_split_auto_alpha16_beta16_bs8,3584,8,32,8,128,16,fp16,1,fa2,,,,,0,1,1792,112,2,16,64,1,1,1,4,0.14465,3.247,811.9,median,100,100,10
[patched_heuristic] llama3_8b_float16_split_auto_alpha16_beta16_bs8,3712,8,32,8,128,16,fp16,1,fa2,,,,,0,1,1856,116,2,16,64,1,1,1,4,0.14868,3.272,818.1,median,100,100,10
[patched_heuristic] llama3_8b_float16_split_auto_alpha16_beta16_bs8,3840,8,32,8,128,16,fp16,1,fa2,,,,,0,1,1920,120,2,16,64,1,1,1,4,0.1539,3.271,817.6,median,100,100,10
[patched_heuristic] llama3_8b_float16_split_auto_alpha16_beta16_bs8,3968,8,32,8,128,16,fp16,1,fa2,,,,,0,1,1984,124,2,16,64,1,1,1,4,0.15821,3.287,821.8,median,100,100,10
[patched_heuristic] llama3_8b_float16_split_auto_alpha16_beta16_bs8,4096,8,32,8,128,16,fp16,1,fa2,,,,,0,1,2048,128,2,16,64,1,1,1,4,0.1635,3.284,820.9,median,100,100,10
[patched_heuristic] llama3_8b_float16_split_auto_alpha16_beta16_bs8,4224,8,32,8,128,16,fp16,1,fa2,,,,,0,1,2112,132,2,16,64,1,1,1,4,0.16784,3.299,824.7,median,100,100,10
[patched_heuristic] llama3_8b_float16_split_auto_alpha16_beta16_bs8,4352,8,32,8,128,16,fp16,1,fa2,,,,,0,1,2176,136,2,16,64,1,1,1,4,0.17262,3.305,826.1,median,100,100,10
[patched_heuristic] llama3_8b_float16_split_auto_alpha16_beta16_bs8,4480,8,32,8,128,16,fp16,1,fa2,,,,,0,1,2240,140,2,16,64,1,1,1,4,0.17678,3.322,830.4,median,100,100,10
[patched_heuristic] llama3_8b_float16_split_auto_alpha16_beta16_bs8,4608,8,32,8,128,16,fp16,1,fa2,,,,,0,1,2304,144,2,16,64,1,1,1,4,0.18208,3.317,829.3,median,100,100,10
[patched_heuristic] llama3_8b_float16_split_auto_alpha16_beta16_bs8,4736,8,32,8,128,16,fp16,1,fa2,,,,,0,1,2368,148,2,16,64,1,1,1,4,0.18645,3.329,832.3,median,100,100,10
[patched_heuristic] llama3_8b_float16_split_auto_alpha16_beta16_bs8,4864,8,32,8,128,16,fp16,1,fa2,,,,,0,1,2432,152,2,16,64,1,1,1,4,0.19188,3.323,830.6,median,100,100,10
[patched_heuristic] llama3_8b_float16_split_auto_alpha16_beta16_bs8,4992,8,32,8,128,16,fp16,1,fa2,,,,,0,1,2496,156,2,16,64,1,1,1,4,0.19565,3.344,836.1,median,100,100,10
[patched_heuristic] llama3_8b_float16_split_auto_alpha16_beta16_bs8,5120,8,32,8,128,16,fp16,1,fa2,,,,,0,1,2560,160,2,16,64,1,1,1,4,0.20093,3.34,835.0,median,100,100,10
[patched_heuristic] llama3_8b_float16_split_auto_alpha16_beta16_bs8,5248,8,32,8,128,16,fp16,1,fa2,,,,,0,1,2624,164,2,16,64,1,1,1,4,0.20516,3.353,838.2,median,100,100,10
[patched_heuristic] llama3_8b_float16_split_auto_alpha16_beta16_bs8,5376,8,32,8,128,16,fp16,1,fa2,,,,,0,1,2688,168,2,16,64,1,1,1,4,0.21053,3.347,836.8,median,100,100,10
[patched_heuristic] llama3_8b_float16_split_auto_alpha16_beta16_bs8,5504,8,32,8,128,16,fp16,1,fa2,,,,,0,1,2752,172,2,16,64,1,1,1,4,0.21484,3.358,839.5,median,100,100,10
[patched_heuristic] llama3_8b_float16_split_auto_alpha16_beta16_bs8,5632,8,32,8,128,16,fp16,1,fa2,,,,,0,1,2816,176,2,16,64,1,1,1,4,0.21963,3.361,840.3,median,100,100,10
[patched_heuristic] llama3_8b_float16_split_auto_alpha16_beta16_bs8,5760,8,32,8,128,16,fp16,1,fa2,,,,,0,1,2880,180,2,16,64,1,1,1,4,0.22401,3.37,842.6,median,100,100,10
[patched_heuristic] llama3_8b_float16_split_auto_alpha16_beta16_bs8,5888,8,32,8,128,16,fp16,1,fa2,,,,,0,1,2944,184,2,16,64,1,1,1,4,0.22928,3.366,841.5,median,100,100,10
[patched_heuristic] llama3_8b_float16_split_auto_alpha16_beta16_bs8,6016,8,32,8,128,16,fp16,1,fa2,,,,,0,1,3008,188,2,16,64,1,1,1,4,0.23343,3.378,844.5,median,100,100,10
[patched_heuristic] llama3_8b_float16_split_auto_alpha16_beta16_bs8,6144,8,32,8,128,16,fp16,1,fa2,,,,,0,1,3072,192,2,16,64,1,1,1,4,0.23863,3.375,843.7,median,100,100,10
[patched_heuristic] llama3_8b_float16_split_auto_alpha16_beta16_bs8,6272,8,32,8,128,16,fp16,1,fa2,,,,,0,1,3136,196,2,16,64,1,1,1,4,0.24259,3.389,847.2,median,100,100,10
[patched_heuristic] llama3_8b_float16_split_auto_alpha16_beta16_bs8,6400,8,32,8,128,16,fp16,1,fa2,,,,,0,1,3200,200,2,16,64,1,1,1,4,0.24807,3.382,845.4,median,100,100,10
[patched_heuristic] llama3_8b_float16_split_auto_alpha16_beta16_bs8,6528,8,32,8,128,16,fp16,1,fa2,,,,,0,1,3264,204,2,16,64,1,1,1,4,0.25272,3.386,846.4,median,100,100,10
[patched_heuristic] llama3_8b_float16_split_auto_alpha16_beta16_bs8,6656,8,32,8,128,16,fp16,1,fa2,,,,,0,1,3328,208,2,16,64,1,1,1,4,0.25719,3.392,848.0,median,100,100,10
[patched_heuristic] llama3_8b_float16_split_auto_alpha16_beta16_bs8,6784,8,32,8,128,16,fp16,1,fa2,,,,,0,1,3392,212,2,16,64,1,1,1,4,0.2618,3.396,849.1,median,100,100,10
[patched_heuristic] llama3_8b_float16_split_auto_alpha16_beta16_bs8,6912,8,32,8,128,16,fp16,1,fa2,,,,,0,1,3456,216,2,16,64,1,1,1,4,0.26716,3.391,847.8,median,100,100,10
[patched_heuristic] llama3_8b_float16_split_auto_alpha16_beta16_bs8,7040,8,32,8,128,16,fp16,1,fa2,,,,,0,1,3520,220,2,16,64,1,1,1,4,0.27087,3.407,851.6,median,100,100,10
[patched_heuristic] llama3_8b_float16_split_auto_alpha16_beta16_bs8,7168,8,32,8,128,16,fp16,1,fa2,,,,,0,1,3584,224,2,16,64,1,1,1,4,0.27557,3.409,852.3,median,100,100,10
[patched_heuristic] llama3_8b_float16_split_auto_alpha16_beta16_bs8,7296,8,32,8,128,16,fp16,1,fa2,,,,,0,1,3648,228,2,16,64,1,1,1,4,0.28104,3.403,850.7,median,100,100,10
[patched_heuristic] llama3_8b_float16_split_auto_alpha16_beta16_bs8,7424,8,32,8,128,16,fp16,1,fa2,,,,,0,1,3712,232,2,16,64,1,1,1,4,0.28537,3.41,852.5,median,100,100,10
[patched_heuristic] llama3_8b_float16_split_auto_alpha16_beta16_bs8,7552,8,32,8,128,16,fp16,1,fa2,,,,,0,1,3776,236,2,16,64,1,1,1,4,0.28984,3.415,853.8,median,100,100,10
[patched_heuristic] llama3_8b_float16_split_auto_alpha16_beta16_bs8,7680,8,32,8,128,16,fp16,1,fa2,,,,,0,1,3840,240,2,16,64,1,1,1,4,0.2949,3.413,853.4,median,100,100,10
[patched_heuristic] llama3_8b_float16_split_auto_alpha16_beta16_bs8,7808,8,32,8,128,16,fp16,1,fa2,,,,,0,1,3904,244,2,16,64,1,1,1,4,0.29935,3.419,854.7,median,100,100,10
[patched_heuristic] llama3_8b_float16_split_auto_alpha16_beta16_bs8,7936,8,32,8,128,16,fp16,1,fa2,,,,,0,1,3968,248,2,16,64,1,1,1,4,0.30387,3.423,855.8,median,100,100,10
[patched_heuristic] llama3_8b_float16_split_auto_alpha16_beta16_bs8,8064,8,32,8,128,16,fp16,1,fa2,,,,,0,1,4032,252,2,16,64,1,1,1,4,0.30834,3.428,857.0,median,100,100,10
[patched_heuristic] llama3_8b_float16_split_auto_alpha16_beta16_bs8,8192,8,32,8,128,16,fp16,1,fa2,,,,,0,1,4096,256,2,16,64,1,1,1,4,0.31356,3.424,856.1,median,100,100,10
[patched_heuristic] llama3_8b_float16_split_auto_alpha16_beta16_bs16,128,16,32,8,128,16,fp16,1,fa2,,,,,0,0,128,8,1,16,64,1,1,1,4,0.04105,0.817,204.4,median,100,100,10
[patched_heuristic] llama3_8b_float16_split_auto_alpha16_beta16_bs16,256,16,32,8,128,16,fp16,1,fa2,,,,,0,0,256,16,1,16,64,1,1,1,4,0.04094,1.639,409.8,median,100,100,10
[patched_heuristic] llama3_8b_float16_split_auto_alpha16_beta16_bs16,384,16,32,8,128,16,fp16,1,fa2,,,,,0,0,384,24,1,16,64,1,1,1,4,0.04162,2.418,604.6,median,100,100,10
[patched_heuristic] llama3_8b_float16_split_auto_alpha16_beta16_bs16,512,16,32,8,128,16,fp16,1,fa2,,,,,0,0,512,32,1,16,64,1,1,1,4,0.04663,2.878,719.6,median,100,100,10
[patched_heuristic] llama3_8b_float16_split_auto_alpha16_beta16_bs16,640,16,32,8,128,16,fp16,1,fa2,,,,,0,0,640,40,1,16,64,1,1,1,4,0.05581,3.006,751.6,median,100,100,10
[patched_heuristic] llama3_8b_float16_split_auto_alpha16_beta16_bs16,768,16,32,8,128,16,fp16,1,fa2,,,,,0,0,768,48,1,16,64,1,1,1,4,0.06538,3.079,769.8,median,100,100,10
[patched_heuristic] llama3_8b_float16_split_auto_alpha16_beta16_bs16,896,16,32,8,128,16,fp16,1,fa2,,,,,0,0,896,56,1,16,64,1,1,1,4,0.07463,3.147,786.8,median,100,100,10
[patched_heuristic] llama3_8b_float16_split_auto_alpha16_beta16_bs16,1024,16,32,8,128,16,fp16,1,fa2,,,,,0,0,1024,64,1,16,64,1,1,1,4,0.08431,3.184,796.0,median,100,100,10
[patched_heuristic] llama3_8b_float16_split_auto_alpha16_beta16_bs16,1152,16,32,8,128,16,fp16,1,fa2,,,,,0,0,1152,72,1,16,64,1,1,1,4,0.09356,3.228,807.0,median,100,100,10
[patched_heuristic] llama3_8b_float16_split_auto_alpha16_beta16_bs16,1280,16,32,8,128,16,fp16,1,fa2,,,,,0,0,1280,80,1,16,64,1,1,1,4,0.10301,3.257,814.4,median,100,100,10
[patched_heuristic] llama3_8b_float16_split_auto_alpha16_beta16_bs16,1408,16,32,8,128,16,fp16,1,fa2,,,,,0,0,1408,88,1,16,64,1,1,1,4,0.11227,3.288,821.9,median,100,100,10
[patched_heuristic] llama3_8b_float16_split_auto_alpha16_beta16_bs16,1536,16,32,8,128,16,fp16,1,fa2,,,,,0,0,1536,96,1,16,64,1,1,1,4,0.12211,3.297,824.4,median,100,100,10
[patched_heuristic] llama3_8b_float16_split_auto_alpha16_beta16_bs16,1664,16,32,8,128,16,fp16,1,fa2,,,,,0,0,1664,104,1,16,64,1,1,1,4,0.1314,3.32,829.9,median,100,100,10
[patched_heuristic] llama3_8b_float16_split_auto_alpha16_beta16_bs16,1792,16,32,8,128,16,fp16,1,fa2,,,,,0,0,1792,112,1,16,64,1,1,1,4,0.14061,3.341,835.2,median,100,100,10
[patched_heuristic] llama3_8b_float16_split_auto_alpha16_beta16_bs16,1920,16,32,8,128,16,fp16,1,fa2,,,,,0,0,1920,120,1,16,64,1,1,1,4,0.14974,3.361,840.3,median,100,100,10
[patched_heuristic] llama3_8b_float16_split_auto_alpha16_beta16_bs16,2048,16,32,8,128,16,fp16,1,fa2,,,,,0,0,2048,128,1,16,64,1,1,1,4,0.15923,3.372,842.9,median,100,100,10
[patched_heuristic] llama3_8b_float16_split_auto_alpha16_beta16_bs16,2176,16,32,8,128,16,fp16,1,fa2,,,,,0,0,2176,136,1,16,64,1,1,1,4,0.16857,3.384,846.0,median,100,100,10
[patched_heuristic] llama3_8b_float16_split_auto_alpha16_beta16_bs16,2304,16,32,8,128,16,fp16,1,fa2,,,,,0,0,2304,144,1,16,64,1,1,1,4,0.17819,3.389,847.4,median,100,100,10
[patched_heuristic] llama3_8b_float16_split_auto_alpha16_beta16_bs16,2432,16,32,8,128,16,fp16,1,fa2,,,,,0,0,2432,152,1,16,64,1,1,1,4,0.18766,3.397,849.3,median,100,100,10
[patched_heuristic] llama3_8b_float16_split_auto_alpha16_beta16_bs16,2560,16,32,8,128,16,fp16,1,fa2,,,,,0,0,2560,160,1,16,64,1,1,1,4,0.19689,3.409,852.1,median,100,100,10
[patched_heuristic] llama3_8b_float16_split_auto_alpha16_beta16_bs16,2688,16,32,8,128,16,fp16,1,fa2,,,,,0,0,2688,168,1,16,64,1,1,1,4,0.20638,3.414,853.6,median,100,100,10
[patched_heuristic] llama3_8b_float16_split_auto_alpha16_beta16_bs16,2816,16,32,8,128,16,fp16,1,fa2,,,,,0,0,2816,176,1,16,64,1,1,1,4,0.21561,3.424,856.0,median,100,100,10
[patched_heuristic] llama3_8b_float16_split_auto_alpha16_beta16_bs16,2944,16,32,8,128,16,fp16,1,fa2,,,,,0,0,2944,184,1,16,64,1,1,1,4,0.22514,3.428,857.0,median,100,100,10
[patched_heuristic] llama3_8b_float16_split_auto_alpha16_beta16_bs16,3072,16,32,8,128,16,fp16,1,fa2,,,,,0,0,3072,192,1,16,64,1,1,1,4,0.23459,3.433,858.2,median,100,100,10
[patched_heuristic] llama3_8b_float16_split_auto_alpha16_beta16_bs16,3200,16,32,8,128,16,fp16,1,fa2,,,,,0,0,3200,200,1,16,64,1,1,1,4,0.24381,3.441,860.1,median,100,100,10
[patched_heuristic] llama3_8b_float16_split_auto_alpha16_beta16_bs16,3328,16,32,8,128,16,fp16,1,fa2,,,,,0,0,3328,208,1,16,64,1,1,1,4,0.25305,3.448,861.9,median,100,100,10
[patched_heuristic] llama3_8b_float16_split_auto_alpha16_beta16_bs16,3456,16,32,8,128,16,fp16,1,fa2,,,,,0,0,3456,216,1,16,64,1,1,1,4,0.26312,3.443,860.8,median,100,100,10
[patched_heuristic] llama3_8b_float16_split_auto_alpha16_beta16_bs16,3584,16,32,8,128,16,fp16,1,fa2,,,,,0,0,3584,224,1,16,64,1,1,1,4,0.27223,3.451,862.8,median,100,100,10
[patched_heuristic] llama3_8b_float16_split_auto_alpha16_beta16_bs16,3712,16,32,8,128,16,fp16,1,fa2,,,,,0,0,3712,232,1,16,64,1,1,1,4,0.28135,3.459,864.6,median,100,100,10
[patched_heuristic] llama3_8b_float16_split_auto_alpha16_beta16_bs16,3840,16,32,8,128,16,fp16,1,fa2,,,,,0,0,3840,240,1,16,64,1,1,1,4,0.291,3.459,864.8,median,100,100,10
[patched_heuristic] llama3_8b_float16_split_auto_alpha16_beta16_bs16,3968,16,32,8,128,16,fp16,1,fa2,,,,,0,0,3968,248,1,16,64,1,1,1,4,0.30027,3.464,866.0,median,100,100,10
[patched_heuristic] llama3_8b_float16_split_auto_alpha16_beta16_bs16,4096,16,32,8,128,16,fp16,1,fa2,,,,,0,0,4096,256,1,16,64,1,1,1,4,0.30956,3.469,867.1,median,100,100,10
[patched_heuristic] llama3_8b_float16_split_auto_alpha16_beta16_bs16,4224,16,32,8,128,16,fp16,1,fa2,,,,,0,0,4224,264,1,16,64,1,1,1,4,0.31919,3.469,867.3,median,100,100,10
[patched_heuristic] llama3_8b_float16_split_auto_alpha16_beta16_bs16,4352,16,32,8,128,16,fp16,1,fa2,,,,,0,0,4352,272,1,16,64,1,1,1,4,0.32845,3.473,868.3,median,100,100,10
[patched_heuristic] llama3_8b_float16_split_auto_alpha16_beta16_bs16,4480,16,32,8,128,16,fp16,1,fa2,,,,,0,0,4480,280,1,16,64,1,1,1,4,0.33771,3.478,869.4,median,100,100,10
[patched_heuristic] llama3_8b_float16_split_auto_alpha16_beta16_bs16,4608,16,32,8,128,16,fp16,1,fa2,,,,,0,0,4608,288,1,16,64,1,1,1,4,0.34749,3.476,869.1,median,100,100,10
[patched_heuristic] llama3_8b_float16_split_auto_alpha16_beta16_bs16,4736,16,32,8,128,16,fp16,1,fa2,,,,,0,0,4736,296,1,16,64,1,1,1,4,0.35667,3.481,870.2,median,100,100,10
[patched_heuristic] llama3_8b_float16_split_auto_alpha16_beta16_bs16,4864,16,32,8,128,16,fp16,1,fa2,,,,,0,0,4864,304,1,16,64,1,1,1,4,0.36578,3.486,871.5,median,100,100,10
[patched_heuristic] llama3_8b_float16_split_auto_alpha16_beta16_bs16,4992,16,32,8,128,16,fp16,1,fa2,,,,,0,0,4992,312,1,16,64,1,1,1,4,0.37549,3.485,871.3,median,100,100,10
[patched_heuristic] llama3_8b_float16_split_auto_alpha16_beta16_bs16,5120,16,32,8,128,16,fp16,1,fa2,,,,,0,0,5120,320,1,16,64,1,1,1,4,0.38472,3.489,872.2,median,100,100,10
[patched_heuristic] llama3_8b_float16_split_auto_alpha16_beta16_bs16,5248,16,32,8,128,16,fp16,1,fa2,,,,,0,0,5248,328,1,16,64,1,1,1,4,0.39412,3.491,872.7,median,100,100,10
[patched_heuristic] llama3_8b_float16_split_auto_alpha16_beta16_bs16,5376,16,32,8,128,16,fp16,1,fa2,,,,,0,0,5376,336,1,16,64,1,1,1,4,0.40354,3.492,873.1,median,100,100,10
[patched_heuristic] llama3_8b_float16_split_auto_alpha16_beta16_bs16,5504,16,32,8,128,16,fp16,1,fa2,,,,,0,0,5504,344,1,16,64,1,1,1,4,0.41317,3.492,873.0,median,100,100,10
[patched_heuristic] llama3_8b_float16_split_auto_alpha16_beta16_bs16,5632,16,32,8,128,16,fp16,1,fa2,,,,,0,0,5632,352,1,16,64,1,1,1,4,0.42231,3.496,874.0,median,100,100,10
[patched_heuristic] llama3_8b_float16_split_auto_alpha16_beta16_bs16,5760,16,32,8,128,16,fp16,1,fa2,,,,,0,0,5760,360,1,16,64,1,1,1,4,0.43151,3.499,874.8,median,100,100,10
[patched_heuristic] llama3_8b_float16_split_auto_alpha16_beta16_bs16,5888,16,32,8,128,16,fp16,1,fa2,,,,,0,0,5888,368,1,16,64,1,1,1,4,0.44089,3.501,875.2,median,100,100,10
[patched_heuristic] llama3_8b_float16_split_auto_alpha16_beta16_bs16,6016,16,32,8,128,16,fp16,1,fa2,,,,,0,0,6016,376,1,16,64,1,1,1,4,0.45043,3.501,875.3,median,100,100,10
[patched_heuristic] llama3_8b_float16_split_auto_alpha16_beta16_bs16,6144,16,32,8,128,16,fp16,1,fa2,,,,,0,0,6144,384,1,16,64,1,1,1,4,0.45934,3.506,876.6,median,100,100,10
[patched_heuristic] llama3_8b_float16_split_auto_alpha16_beta16_bs16,6272,16,32,8,128,16,fp16,1,fa2,,,,,0,0,6272,392,1,16,64,1,1,1,4,0.46941,3.503,875.7,median,100,100,10
[patched_heuristic] llama3_8b_float16_split_auto_alpha16_beta16_bs16,6400,16,32,8,128,16,fp16,1,fa2,,,,,0,0,6400,400,1,16,64,1,1,1,4,0.47865,3.505,876.3,median,100,100,10
[patched_heuristic] llama3_8b_float16_split_auto_alpha16_beta16_bs16,6528,16,32,8,128,16,fp16,1,fa2,,,,,0,0,6528,408,1,16,64,1,1,1,4,0.48893,3.5,875.0,median,100,100,10
[patched_heuristic] llama3_8b_float16_split_auto_alpha16_beta16_bs16,6656,16,32,8,128,16,fp16,1,fa2,,,,,0,0,6656,416,1,16,64,1,1,1,4,0.49762,3.506,876.6,median,100,100,10
[patched_heuristic] llama3_8b_float16_split_auto_alpha16_beta16_bs16,6784,16,32,8,128,16,fp16,1,fa2,,,,,0,0,6784,424,1,16,64,1,1,1,4,0.507,3.508,876.9,median,100,100,10
[patched_heuristic] llama3_8b_float16_split_auto_alpha16_beta16_bs16,6912,16,32,8,128,16,fp16,1,fa2,,,,,0,0,6912,432,1,16,64,1,1,1,4,0.51689,3.505,876.4,median,100,100,10
[patched_heuristic] llama3_8b_float16_split_auto_alpha16_beta16_bs16,7040,16,32,8,128,16,fp16,1,fa2,,,,,0,0,7040,440,1,16,64,1,1,1,4,0.5257,3.511,877.6,median,100,100,10
[patched_heuristic] llama3_8b_float16_split_auto_alpha16_beta16_bs16,7168,16,32,8,128,16,fp16,1,fa2,,,,,0,0,7168,448,1,16,64,1,1,1,4,0.53551,3.509,877.2,median,100,100,10
[patched_heuristic] llama3_8b_float16_split_auto_alpha16_beta16_bs16,7296,16,32,8,128,16,fp16,1,fa2,,,,,0,0,7296,456,1,16,64,1,1,1,4,0.54442,3.513,878.3,median,100,100,10
[patched_heuristic] llama3_8b_float16_split_auto_alpha16_beta16_bs16,7424,16,32,8,128,16,fp16,1,fa2,,,,,0,0,7424,464,1,16,64,1,1,1,4,0.5545,3.51,877.4,median,100,100,10
[patched_heuristic] llama3_8b_float16_split_auto_alpha16_beta16_bs16,7552,16,32,8,128,16,fp16,1,fa2,,,,,0,0,7552,472,1,16,64,1,1,1,4,0.56344,3.514,878.4,median,100,100,10
[patched_heuristic] llama3_8b_float16_split_auto_alpha16_beta16_bs16,7680,16,32,8,128,16,fp16,1,fa2,,,,,0,0,7680,480,1,16,64,1,1,1,4,0.57254,3.516,879.1,median,100,100,10
[patched_heuristic] llama3_8b_float16_split_auto_alpha16_beta16_bs16,7808,16,32,8,128,16,fp16,1,fa2,,,,,0,0,7808,488,1,16,64,1,1,1,4,0.58255,3.514,878.4,median,100,100,10
[patched_heuristic] llama3_8b_float16_split_auto_alpha16_beta16_bs16,7936,16,32,8,128,16,fp16,1,fa2,,,,,0,0,7936,496,1,16,64,1,1,1,4,0.59155,3.517,879.2,median,100,100,10
[patched_heuristic] llama3_8b_float16_split_auto_alpha16_beta16_bs16,8064,16,32,8,128,16,fp16,1,fa2,,,,,0,0,8064,504,1,16,64,1,1,1,4,0.60113,3.517,879.1,median,100,100,10
[patched_heuristic] llama3_8b_float16_split_auto_alpha16_beta16_bs16,8192,16,32,8,128,16,fp16,1,fa2,,,,,0,0,8192,512,1,16,64,1,1,1,4,0.61085,3.516,878.9,median,100,100,10
