label,seq_len,batch_size,num_qo_heads,num_kv_heads,head_dim,page_size,CTA_TILE_Q,CTA_TILE_KV,NUM_MMA_Q,NUM_MMA_KV,NUM_WARPS_Q,NUM_WARPS_KV,ms,tflops
[baseline_before] llama3_8b,128,8,32,8,128,16,128,32,2,2,4,1,0.0573,18.726
[baseline_before] llama3_8b,256,8,32,8,128,16,128,32,2,2,4,1,0.1342,32.002
[baseline_before] llama3_8b,384,8,32,8,128,16,128,32,2,2,4,1,0.24,40.27
[baseline_before] llama3_8b,512,8,32,8,128,16,128,32,2,2,4,1,0.3811,45.078
[baseline_before] llama3_8b,640,8,32,8,128,16,128,32,2,2,4,1,0.5206,51.566
[baseline_before] llama3_8b,768,8,32,8,128,16,128,32,2,2,4,1,0.7161,53.977
[baseline_before] llama3_8b,896,8,32,8,128,16,128,32,2,2,4,1,0.9433,55.774
[baseline_before] llama3_8b,1024,8,32,8,128,16,128,32,2,2,4,1,1.1986,57.332
[baseline_before] llama3_8b,1152,8,32,8,128,16,128,32,2,2,4,1,1.5077,57.687
[baseline_before] llama3_8b,1280,8,32,8,128,16,128,32,2,2,4,1,1.8221,58.928
[baseline_before] llama3_8b,1408,8,32,8,128,16,128,32,2,2,4,1,2.1598,60.155
[baseline_before] llama3_8b,1536,8,32,8,128,16,128,32,2,2,4,1,2.57,60.163
[baseline_before] llama3_8b,1664,8,32,8,128,16,128,32,2,2,4,1,2.9563,61.382
[baseline_before] llama3_8b,1792,8,32,8,128,16,128,32,2,2,4,1,3.4203,61.531
[baseline_before] llama3_8b,1920,8,32,8,128,16,128,32,2,2,4,1,3.8793,62.277
[baseline_before] llama3_8b,2048,8,32,8,128,16,128,32,2,2,4,1,4.3908,62.603
[baseline_before] llama3_8b,2176,8,32,8,128,16,128,32,2,2,4,1,4.9658,62.49
[baseline_before] llama3_8b,2304,8,32,8,128,16,128,32,2,2,4,1,5.5752,62.4
[baseline_before] llama3_8b,2432,8,32,8,128,16,128,32,2,2,4,1,6.1546,62.98
[baseline_before] llama3_8b,2560,8,32,8,128,16,128,32,2,2,4,1,6.7782,63.364
[baseline_before] llama3_8b,2688,8,32,8,128,16,128,32,2,2,4,1,7.4264,63.762
[baseline_before] llama3_8b,2816,8,32,8,128,16,128,32,2,2,4,1,8.1373,63.866
[baseline_before] llama3_8b,2944,8,32,8,128,16,128,32,2,2,4,1,8.8247,64.366
[baseline_before] llama3_8b,3072,8,32,8,128,16,128,32,2,2,4,1,9.5609,64.688
[baseline_before] llama3_8b,3200,8,32,8,128,16,128,32,2,2,4,1,10.3564,64.799
[baseline_before] llama3_8b,3328,8,32,8,128,16,128,32,2,2,4,1,11.2101,64.75
[baseline_before] llama3_8b,3456,8,32,8,128,16,128,32,2,2,4,1,12.0547,64.934
[baseline_before] llama3_8b,3584,8,32,8,128,16,128,32,2,2,4,1,12.9337,65.087
[baseline_before] llama3_8b,3712,8,32,8,128,16,128,32,2,2,4,1,13.842,65.237
[baseline_before] llama3_8b,3840,8,32,8,128,16,128,32,2,2,4,1,14.7988,65.301
[baseline_before] llama3_8b,3968,8,32,8,128,16,128,32,2,2,4,1,15.8258,65.201
[baseline_before] llama3_8b,4096,8,32,8,128,16,128,32,2,2,4,1,16.8424,65.283
[baseline_before] llama3_8b,4224,8,32,8,128,16,128,32,2,2,4,1,17.901,65.321
[baseline_before] llama3_8b,4352,8,32,8,128,16,128,32,2,2,4,1,18.9517,65.495
[baseline_before] llama3_8b,4480,8,32,8,128,16,128,32,2,2,4,1,20.0482,65.609
[baseline_before] llama3_8b,4608,8,32,8,128,16,128,32,2,2,4,1,21.1585,65.769
[baseline_before] llama3_8b,4736,8,32,8,128,16,128,32,2,2,4,1,22.3267,65.838
[baseline_before] llama3_8b,4864,8,32,8,128,16,128,32,2,2,4,1,23.5517,65.833
[baseline_before] llama3_8b,4992,8,32,8,128,16,128,32,2,2,4,1,24.7727,65.926
[baseline_before] llama3_8b,5120,8,32,8,128,16,128,32,2,2,4,1,26.1008,65.821
[baseline_before] llama3_8b,5248,8,32,8,128,16,128,32,2,2,4,1,27.4253,65.814
[baseline_before] llama3_8b,5376,8,32,8,128,16,128,32,2,2,4,1,28.7688,65.838
[baseline_before] llama3_8b,5504,8,32,8,128,16,128,32,2,2,4,1,30.1661,65.814
[baseline_before] llama3_8b,5632,8,32,8,128,16,128,32,2,2,4,1,31.5179,65.955
[baseline_before] llama3_8b,5760,8,32,8,128,16,128,32,2,2,4,1,32.9731,65.942
[baseline_before] llama3_8b,5888,8,32,8,128,16,128,32,2,2,4,1,34.4255,65.999
[baseline_before] llama3_8b,6016,8,32,8,128,16,128,32,2,2,4,1,35.9006,66.068
[baseline_before] llama3_8b,6144,8,32,8,128,16,128,32,2,2,4,1,37.4157,66.119
[baseline_before] llama3_8b,6272,8,32,8,128,16,128,32,2,2,4,1,38.9852,66.129
[baseline_before] llama3_8b,6400,8,32,8,128,16,128,32,2,2,4,1,40.5881,66.136
[baseline_before] llama3_8b,6528,8,32,8,128,16,128,32,2,2,4,1,42.1702,66.227
[baseline_before] llama3_8b,6656,8,32,8,128,16,128,32,2,2,4,1,43.8178,66.261
[baseline_before] llama3_8b,6784,8,32,8,128,16,128,32,2,2,4,1,45.491,66.302
[baseline_before] llama3_8b,6912,8,32,8,128,16,128,32,2,2,4,1,47.2038,66.33
[baseline_before] llama3_8b,7040,8,32,8,128,16,128,32,2,2,4,1,48.9127,66.405
[baseline_before] llama3_8b,7168,8,32,8,128,16,128,32,2,2,4,1,50.6803,66.441
[baseline_before] llama3_8b,7296,8,32,8,128,16,128,32,2,2,4,1,52.4751,66.481
[baseline_before] llama3_8b,7424,8,32,8,128,16,128,32,2,2,4,1,54.3059,66.513
[baseline_before] llama3_8b,7552,8,32,8,128,16,128,32,2,2,4,1,56.1953,66.513
[baseline_before] llama3_8b,7680,8,32,8,128,16,128,32,2,2,4,1,58.086,66.547
[baseline_before] llama3_8b,7808,8,32,8,128,16,128,32,2,2,4,1,60.007,66.582
[baseline_before] llama3_8b,7936,8,32,8,128,16,128,32,2,2,4,1,61.9651,66.61
[baseline_before] llama3_8b,8064,8,32,8,128,16,128,32,2,2,4,1,63.9305,66.661
[baseline_before] llama3_8b,8192,8,32,8,128,16,128,32,2,2,4,1,65.9603,66.677
[baseline_before] llama3_70b,128,8,64,8,128,16,128,32,2,2,4,1,0.0928,23.153
[baseline_before] llama3_70b,256,8,64,8,128,16,128,32,2,2,4,1,0.2328,36.9
[baseline_before] llama3_70b,384,8,64,8,128,16,128,32,2,2,4,1,0.4374,44.19
[baseline_before] llama3_70b,512,8,64,8,128,16,128,32,2,2,4,1,0.7016,48.973
[baseline_before] llama3_70b,640,8,64,8,128,16,128,32,2,2,4,1,1.0103,53.138
[baseline_before] llama3_70b,768,8,64,8,128,16,128,32,2,2,4,1,1.3966,55.355
[baseline_before] llama3_70b,896,8,64,8,128,16,128,32,2,2,4,1,1.8813,55.932
[baseline_before] llama3_70b,1024,8,64,8,128,16,128,32,2,2,4,1,2.3767,57.829
[baseline_before] llama3_70b,1152,8,64,8,128,16,128,32,2,2,4,1,2.981,58.352
[baseline_before] llama3_70b,1280,8,64,8,128,16,128,32,2,2,4,1,3.5911,59.801
[baseline_before] llama3_70b,1408,8,64,8,128,16,128,32,2,2,4,1,4.2842,60.652
[baseline_before] llama3_70b,1536,8,64,8,128,16,128,32,2,2,4,1,5.0915,60.736
[baseline_before] llama3_70b,1664,8,64,8,128,16,128,32,2,2,4,1,5.9565,60.929
[baseline_before] llama3_70b,1792,8,64,8,128,16,128,32,2,2,4,1,6.8628,61.331
[baseline_before] llama3_70b,1920,8,64,8,128,16,128,32,2,2,4,1,7.7821,62.089
[baseline_before] llama3_70b,2048,8,64,8,128,16,128,32,2,2,4,1,8.7804,62.612
[baseline_before] llama3_70b,2176,8,64,8,128,16,128,32,2,2,4,1,9.8479,63.021
[baseline_before] llama3_70b,2304,8,64,8,128,16,128,32,2,2,4,1,10.9971,63.27
[baseline_before] llama3_70b,2432,8,64,8,128,16,128,32,2,2,4,1,12.2018,63.535
[baseline_before] llama3_70b,2560,8,64,8,128,16,128,32,2,2,4,1,13.4725,63.759
[baseline_before] llama3_70b,2688,8,64,8,128,16,128,32,2,2,4,1,14.7885,64.039
[baseline_before] llama3_70b,2816,8,64,8,128,16,128,32,2,2,4,1,16.2159,64.096
[baseline_before] llama3_70b,2944,8,64,8,128,16,128,32,2,2,4,1,17.7076,64.154
[baseline_before] llama3_70b,3072,8,64,8,128,16,128,32,2,2,4,1,19.2191,64.36
[baseline_before] llama3_70b,3200,8,64,8,128,16,128,32,2,2,4,1,20.7782,64.595
[baseline_before] llama3_70b,3328,8,64,8,128,16,128,32,2,2,4,1,22.4117,64.774
[baseline_before] llama3_70b,3456,8,64,8,128,16,128,32,2,2,4,1,24.1135,64.923
[baseline_before] llama3_70b,3584,8,64,8,128,16,128,32,2,2,4,1,25.872,65.075
[baseline_before] llama3_70b,3712,8,64,8,128,16,128,32,2,2,4,1,27.7349,65.118
[baseline_before] llama3_70b,3840,8,64,8,128,16,128,32,2,2,4,1,29.6563,65.171
[baseline_before] llama3_70b,3968,8,64,8,128,16,128,32,2,2,4,1,31.577,65.355
[baseline_before] llama3_70b,4096,8,64,8,128,16,128,32,2,2,4,1,33.5956,65.456
[baseline_before] llama3_70b,4224,8,64,8,128,16,128,32,2,2,4,1,35.6829,65.539
[baseline_before] llama3_70b,4352,8,64,8,128,16,128,32,2,2,4,1,37.8317,65.619
[baseline_before] llama3_70b,4480,8,64,8,128,16,128,32,2,2,4,1,39.9807,65.798
[baseline_before] llama3_70b,4608,8,64,8,128,16,128,32,2,2,4,1,42.2509,65.872
[baseline_before] llama3_70b,4736,8,64,8,128,16,128,32,2,2,4,1,44.5804,65.946
[baseline_before] llama3_70b,4864,8,64,8,128,16,128,32,2,2,4,1,46.969,66.022
[baseline_before] llama3_70b,4992,8,64,8,128,16,128,32,2,2,4,1,49.434,66.074
[baseline_before] llama3_70b,5120,8,64,8,128,16,128,32,2,2,4,1,51.951,66.139
[baseline_before] llama3_70b,5248,8,64,8,128,16,128,32,2,2,4,1,54.5358,66.194
[baseline_before] llama3_70b,5376,8,64,8,128,16,128,32,2,2,4,1,57.168,66.264
[baseline_before] llama3_70b,5504,8,64,8,128,16,128,32,2,2,4,1,59.9081,66.28
[baseline_before] llama3_70b,5632,8,64,8,128,16,128,32,2,2,4,1,62.6594,66.351
[baseline_before] llama3_70b,5760,8,64,8,128,16,128,32,2,2,4,1,65.4806,66.411
[baseline_before] llama3_70b,5888,8,64,8,128,16,128,32,2,2,4,1,68.3565,66.476
[baseline_before] llama3_70b,6016,8,64,8,128,16,128,32,2,2,4,1,71.3223,66.512
[baseline_before] llama3_70b,6144,8,64,8,128,16,128,32,2,2,4,1,74.3218,66.573
[baseline_before] llama3_70b,6272,8,64,8,128,16,128,32,2,2,4,1,77.3931,66.622
[baseline_before] llama3_70b,6400,8,64,8,128,16,128,32,2,2,4,1,80.5201,66.675
[baseline_before] llama3_70b,6528,8,64,8,128,16,128,32,2,2,4,1,83.7211,66.717
[baseline_before] llama3_70b,6656,8,64,8,128,16,128,32,2,2,4,1,86.9459,66.786
[baseline_before] llama3_70b,6784,8,64,8,128,16,128,32,2,2,4,1,90.3343,66.777
[baseline_before] llama3_70b,6912,8,64,8,128,16,128,32,2,2,4,1,93.7251,66.813
[baseline_before] llama3_70b,7040,8,64,8,128,16,128,32,2,2,4,1,97.2039,66.83
[baseline_before] llama3_70b,7168,8,64,8,128,16,128,32,2,2,4,1,100.712,66.869
[baseline_before] llama3_70b,7296,8,64,8,128,16,128,32,2,2,4,1,104.2556,66.924
[baseline_before] llama3_70b,7424,8,64,8,128,16,128,32,2,2,4,1,107.9167,66.942
[baseline_before] llama3_70b,7552,8,64,8,128,16,128,32,2,2,4,1,111.5759,66.998
[baseline_before] llama3_70b,7680,8,64,8,128,16,128,32,2,2,4,1,115.3316,67.032
[baseline_before] llama3_70b,7808,8,64,8,128,16,128,32,2,2,4,1,119.1432,67.069
[baseline_before] llama3_70b,7936,8,64,8,128,16,128,32,2,2,4,1,123.0628,67.079
[baseline_before] llama3_70b,8064,8,64,8,128,16,128,32,2,2,4,1,127.0025,67.112
[baseline_before] llama3_70b,8192,8,64,8,128,16,128,32,2,2,4,1,131.032,67.129
[experiment] llama3_8b_num_mma_kv_1,128,8,32,8,128,16,128,16,2,1,4,1,0.0605,17.75
[experiment] llama3_8b_num_mma_kv_1,256,8,32,8,128,16,128,16,2,1,4,1,0.1383,31.047
[experiment] llama3_8b_num_mma_kv_1,384,8,32,8,128,16,128,16,2,1,4,1,0.2491,38.79
[experiment] llama3_8b_num_mma_kv_1,512,8,32,8,128,16,128,16,2,1,4,1,0.3902,44.023
[experiment] llama3_8b_num_mma_kv_1,640,8,32,8,128,16,128,16,2,1,4,1,0.5507,48.745
[experiment] llama3_8b_num_mma_kv_1,768,8,32,8,128,16,128,16,2,1,4,1,0.76,50.864
[experiment] llama3_8b_num_mma_kv_1,896,8,32,8,128,16,128,16,2,1,4,1,0.9965,52.799
[experiment] llama3_8b_num_mma_kv_1,1024,8,32,8,128,16,128,16,2,1,4,1,1.2672,54.23
[experiment] llama3_8b_num_mma_kv_1,1152,8,32,8,128,16,128,16,2,1,4,1,1.5996,54.371
[experiment] llama3_8b_num_mma_kv_1,1280,8,32,8,128,16,128,16,2,1,4,1,1.9235,55.823
[experiment] llama3_8b_num_mma_kv_1,1408,8,32,8,128,16,128,16,2,1,4,1,2.2928,56.664
[experiment] llama3_8b_num_mma_kv_1,1536,8,32,8,128,16,128,16,2,1,4,1,2.731,56.615
[experiment] llama3_8b_num_mma_kv_1,1664,8,32,8,128,16,128,16,2,1,4,1,3.1342,57.897
[experiment] llama3_8b_num_mma_kv_1,1792,8,32,8,128,16,128,16,2,1,4,1,3.5896,58.629
[experiment] llama3_8b_num_mma_kv_1,1920,8,32,8,128,16,128,16,2,1,4,1,4.1063,58.834
[experiment] llama3_8b_num_mma_kv_1,2048,8,32,8,128,16,128,16,2,1,4,1,4.6616,58.966
[experiment] llama3_8b_num_mma_kv_1,2176,8,32,8,128,16,128,16,2,1,4,1,5.2677,58.908
[experiment] llama3_8b_num_mma_kv_1,2304,8,32,8,128,16,128,16,2,1,4,1,5.894,59.025
[experiment] llama3_8b_num_mma_kv_1,2432,8,32,8,128,16,128,16,2,1,4,1,6.542,59.251
[experiment] llama3_8b_num_mma_kv_1,2560,8,32,8,128,16,128,16,2,1,4,1,7.2025,59.632
[experiment] llama3_8b_num_mma_kv_1,2688,8,32,8,128,16,128,16,2,1,4,1,7.9098,59.865
[experiment] llama3_8b_num_mma_kv_1,2816,8,32,8,128,16,128,16,2,1,4,1,8.5897,60.502
[experiment] llama3_8b_num_mma_kv_1,2944,8,32,8,128,16,128,16,2,1,4,1,9.364,60.659
[experiment] llama3_8b_num_mma_kv_1,3072,8,32,8,128,16,128,16,2,1,4,1,10.192,60.683
[experiment] llama3_8b_num_mma_kv_1,3200,8,32,8,128,16,128,16,2,1,4,1,11.0269,60.859
[experiment] llama3_8b_num_mma_kv_1,3328,8,32,8,128,16,128,16,2,1,4,1,11.8793,61.102
[experiment] llama3_8b_num_mma_kv_1,3456,8,32,8,128,16,128,16,2,1,4,1,12.8086,61.112
[experiment] llama3_8b_num_mma_kv_1,3584,8,32,8,128,16,128,16,2,1,4,1,13.7277,61.322
[experiment] llama3_8b_num_mma_kv_1,3712,8,32,8,128,16,128,16,2,1,4,1,14.7243,61.328
[experiment] llama3_8b_num_mma_kv_1,3840,8,32,8,128,16,128,16,2,1,4,1,15.7688,61.283
[experiment] llama3_8b_num_mma_kv_1,3968,8,32,8,128,16,128,16,2,1,4,1,16.8191,61.351
[experiment] llama3_8b_num_mma_kv_1,4096,8,32,8,128,16,128,16,2,1,4,1,17.9003,61.424
[experiment] llama3_8b_num_mma_kv_1,4224,8,32,8,128,16,128,16,2,1,4,1,18.9629,61.663
[experiment] llama3_8b_num_mma_kv_1,4352,8,32,8,128,16,128,16,2,1,4,1,20.1106,61.721
[experiment] llama3_8b_num_mma_kv_1,4480,8,32,8,128,16,128,16,2,1,4,1,21.2962,61.764
[experiment] llama3_8b_num_mma_kv_1,4608,8,32,8,128,16,128,16,2,1,4,1,22.4818,61.897
[experiment] llama3_8b_num_mma_kv_1,4736,8,32,8,128,16,128,16,2,1,4,1,23.6918,62.045
[experiment] llama3_8b_num_mma_kv_1,4864,8,32,8,128,16,128,16,2,1,4,1,24.9744,62.083
[experiment] llama3_8b_num_mma_kv_1,4992,8,32,8,128,16,128,16,2,1,4,1,26.3227,62.044
[experiment] llama3_8b_num_mma_kv_1,5120,8,32,8,128,16,128,16,2,1,4,1,27.6751,62.077
[experiment] llama3_8b_num_mma_kv_1,5248,8,32,8,128,16,128,16,2,1,4,1,29.0299,62.176
[experiment] llama3_8b_num_mma_kv_1,5376,8,32,8,128,16,128,16,2,1,4,1,30.4121,62.28
[experiment] llama3_8b_num_mma_kv_1,5504,8,32,8,128,16,128,16,2,1,4,1,31.8445,62.345
[experiment] llama3_8b_num_mma_kv_1,5632,8,32,8,128,16,128,16,2,1,4,1,33.3233,62.382
[experiment] llama3_8b_num_mma_kv_1,5760,8,32,8,128,16,128,16,2,1,4,1,34.8403,62.408
[experiment] llama3_8b_num_mma_kv_1,5888,8,32,8,128,16,128,16,2,1,4,1,36.3798,62.453
[experiment] llama3_8b_num_mma_kv_1,6016,8,32,8,128,16,128,16,2,1,4,1,37.9455,62.508
[experiment] llama3_8b_num_mma_kv_1,6144,8,32,8,128,16,128,16,2,1,4,1,39.5335,62.577
[experiment] llama3_8b_num_mma_kv_1,6272,8,32,8,128,16,128,16,2,1,4,1,41.163,62.63
[experiment] llama3_8b_num_mma_kv_1,6400,8,32,8,128,16,128,16,2,1,4,1,42.8307,62.674
[experiment] llama3_8b_num_mma_kv_1,6528,8,32,8,128,16,128,16,2,1,4,1,44.5586,62.677
[experiment] llama3_8b_num_mma_kv_1,6656,8,32,8,128,16,128,16,2,1,4,1,46.2691,62.75
[experiment] llama3_8b_num_mma_kv_1,6784,8,32,8,128,16,128,16,2,1,4,1,48.0359,62.789
[experiment] llama3_8b_num_mma_kv_1,6912,8,32,8,128,16,128,16,2,1,4,1,49.8227,62.844
[experiment] llama3_8b_num_mma_kv_1,7040,8,32,8,128,16,128,16,2,1,4,1,51.6785,62.851
[experiment] llama3_8b_num_mma_kv_1,7168,8,32,8,128,16,128,16,2,1,4,1,53.5321,62.902
[experiment] llama3_8b_num_mma_kv_1,7296,8,32,8,128,16,128,16,2,1,4,1,55.3964,62.975
[experiment] llama3_8b_num_mma_kv_1,7424,8,32,8,128,16,128,16,2,1,4,1,57.3413,62.992
[experiment] llama3_8b_num_mma_kv_1,7552,8,32,8,128,16,128,16,2,1,4,1,59.3331,62.995
[experiment] llama3_8b_num_mma_kv_1,7680,8,32,8,128,16,128,16,2,1,4,1,61.2937,63.065
[experiment] llama3_8b_num_mma_kv_1,7808,8,32,8,128,16,128,16,2,1,4,1,63.3678,63.051
[experiment] llama3_8b_num_mma_kv_1,7936,8,32,8,128,16,128,16,2,1,4,1,65.4273,63.085
[experiment] llama3_8b_num_mma_kv_1,8064,8,32,8,128,16,128,16,2,1,4,1,67.5108,63.126
[experiment] llama3_8b_num_mma_kv_1,8192,8,32,8,128,16,128,16,2,1,4,1,69.61,63.181
[experiment] llama3_70b_num_mma_kv_1,128,8,64,8,128,16,128,16,2,1,4,1,0.0914,23.5
[experiment] llama3_70b_num_mma_kv_1,256,8,64,8,128,16,128,16,2,1,4,1,0.2321,37.011
[experiment] llama3_70b_num_mma_kv_1,384,8,64,8,128,16,128,16,2,1,4,1,0.4416,43.765
[experiment] llama3_70b_num_mma_kv_1,512,8,64,8,128,16,128,16,2,1,4,1,0.7031,48.871
[experiment] llama3_70b_num_mma_kv_1,640,8,64,8,128,16,128,16,2,1,4,1,1.0444,51.405
[experiment] llama3_70b_num_mma_kv_1,768,8,64,8,128,16,128,16,2,1,4,1,1.4552,53.126
[experiment] llama3_70b_num_mma_kv_1,896,8,64,8,128,16,128,16,2,1,4,1,1.9553,53.817
[experiment] llama3_70b_num_mma_kv_1,1024,8,64,8,128,16,128,16,2,1,4,1,2.4691,55.664
[experiment] llama3_70b_num_mma_kv_1,1152,8,64,8,128,16,128,16,2,1,4,1,3.1133,55.873
[experiment] llama3_70b_num_mma_kv_1,1280,8,64,8,128,16,128,16,2,1,4,1,3.7423,57.384
[experiment] llama3_70b_num_mma_kv_1,1408,8,64,8,128,16,128,16,2,1,4,1,4.4772,58.037
[experiment] llama3_70b_num_mma_kv_1,1536,8,64,8,128,16,128,16,2,1,4,1,5.319,58.139
[experiment] llama3_70b_num_mma_kv_1,1664,8,64,8,128,16,128,16,2,1,4,1,6.2238,58.312
[experiment] llama3_70b_num_mma_kv_1,1792,8,64,8,128,16,128,16,2,1,4,1,7.159,58.794
[experiment] llama3_70b_num_mma_kv_1,1920,8,64,8,128,16,128,16,2,1,4,1,8.1256,59.464
[experiment] llama3_70b_num_mma_kv_1,2048,8,64,8,128,16,128,16,2,1,4,1,9.193,59.802
[experiment] llama3_70b_num_mma_kv_1,2176,8,64,8,128,16,128,16,2,1,4,1,10.326,60.103
[experiment] llama3_70b_num_mma_kv_1,2304,8,64,8,128,16,128,16,2,1,4,1,11.5294,60.349
[experiment] llama3_70b_num_mma_kv_1,2432,8,64,8,128,16,128,16,2,1,4,1,12.7829,60.647
[experiment] llama3_70b_num_mma_kv_1,2560,8,64,8,128,16,128,16,2,1,4,1,14.1286,60.798
[experiment] llama3_70b_num_mma_kv_1,2688,8,64,8,128,16,128,16,2,1,4,1,15.5422,60.933
[experiment] llama3_70b_num_mma_kv_1,2816,8,64,8,128,16,128,16,2,1,4,1,17.0329,61.022
[experiment] llama3_70b_num_mma_kv_1,2944,8,64,8,128,16,128,16,2,1,4,1,18.5574,61.217
[experiment] llama3_70b_num_mma_kv_1,3072,8,64,8,128,16,128,16,2,1,4,1,20.1304,61.447
[experiment] llama3_70b_num_mma_kv_1,3200,8,64,8,128,16,128,16,2,1,4,1,21.8083,61.544
[experiment] llama3_70b_num_mma_kv_1,3328,8,64,8,128,16,128,16,2,1,4,1,23.5401,61.669
[experiment] llama3_70b_num_mma_kv_1,3456,8,64,8,128,16,128,16,2,1,4,1,25.3696,61.708
[experiment] llama3_70b_num_mma_kv_1,3584,8,64,8,128,16,128,16,2,1,4,1,27.2332,61.823
[experiment] llama3_70b_num_mma_kv_1,3712,8,64,8,128,16,128,16,2,1,4,1,29.1568,61.942
[experiment] llama3_70b_num_mma_kv_1,3840,8,64,8,128,16,128,16,2,1,4,1,31.1558,62.034
[experiment] llama3_70b_num_mma_kv_1,3968,8,64,8,128,16,128,16,2,1,4,1,33.1787,62.201
[experiment] llama3_70b_num_mma_kv_1,4096,8,64,8,128,16,128,16,2,1,4,1,35.3349,62.234
[experiment] llama3_70b_num_mma_kv_1,4224,8,64,8,128,16,128,16,2,1,4,1,37.5203,62.329
[experiment] llama3_70b_num_mma_kv_1,4352,8,64,8,128,16,128,16,2,1,4,1,39.7859,62.396
[experiment] llama3_70b_num_mma_kv_1,4480,8,64,8,128,16,128,16,2,1,4,1,42.0842,62.51
[experiment] llama3_70b_num_mma_kv_1,4608,8,64,8,128,16,128,16,2,1,4,1,44.4734,62.58
[experiment] llama3_70b_num_mma_kv_1,4736,8,64,8,128,16,128,16,2,1,4,1,46.923,62.654
[experiment] llama3_70b_num_mma_kv_1,4864,8,64,8,128,16,128,16,2,1,4,1,49.4653,62.69
[experiment] llama3_70b_num_mma_kv_1,4992,8,64,8,128,16,128,16,2,1,4,1,52.0234,62.786
[experiment] llama3_70b_num_mma_kv_1,5120,8,64,8,128,16,128,16,2,1,4,1,54.688,62.829
[experiment] llama3_70b_num_mma_kv_1,5248,8,64,8,128,16,128,16,2,1,4,1,57.4388,62.848
[experiment] llama3_70b_num_mma_kv_1,5376,8,64,8,128,16,128,16,2,1,4,1,60.1914,62.935
[experiment] llama3_70b_num_mma_kv_1,5504,8,64,8,128,16,128,16,2,1,4,1,63.03,62.997
[experiment] llama3_70b_num_mma_kv_1,5632,8,64,8,128,16,128,16,2,1,4,1,65.98,63.012
[experiment] llama3_70b_num_mma_kv_1,5760,8,64,8,128,16,128,16,2,1,4,1,68.9431,63.076
[experiment] llama3_70b_num_mma_kv_1,5888,8,64,8,128,16,128,16,2,1,4,1,72.0033,63.109
[experiment] llama3_70b_num_mma_kv_1,6016,8,64,8,128,16,128,16,2,1,4,1,75.1436,63.13
[experiment] llama3_70b_num_mma_kv_1,6144,8,64,8,128,16,128,16,2,1,4,1,78.3117,63.181
[experiment] llama3_70b_num_mma_kv_1,6272,8,64,8,128,16,128,16,2,1,4,1,81.5218,63.248
[experiment] llama3_70b_num_mma_kv_1,6400,8,64,8,128,16,128,16,2,1,4,1,84.8629,63.263
[experiment] llama3_70b_num_mma_kv_1,6528,8,64,8,128,16,128,16,2,1,4,1,88.2573,63.288
[experiment] llama3_70b_num_mma_kv_1,6656,8,64,8,128,16,128,16,2,1,4,1,91.7357,63.299
[experiment] llama3_70b_num_mma_kv_1,6784,8,64,8,128,16,128,16,2,1,4,1,95.2813,63.31
[experiment] llama3_70b_num_mma_kv_1,6912,8,64,8,128,16,128,16,2,1,4,1,98.882,63.329
[experiment] llama3_70b_num_mma_kv_1,7040,8,64,8,128,16,128,16,2,1,4,1,102.5415,63.351
[experiment] llama3_70b_num_mma_kv_1,7168,8,64,8,128,16,128,16,2,1,4,1,106.3357,63.333
[experiment] llama3_70b_num_mma_kv_1,7296,8,64,8,128,16,128,16,2,1,4,1,110.1226,63.358
[experiment] llama3_70b_num_mma_kv_1,7424,8,64,8,128,16,128,16,2,1,4,1,114.0004,63.369
[experiment] llama3_70b_num_mma_kv_1,7552,8,64,8,128,16,128,16,2,1,4,1,117.911,63.399
[experiment] llama3_70b_num_mma_kv_1,7680,8,64,8,128,16,128,16,2,1,4,1,121.8748,63.433
[experiment] llama3_70b_num_mma_kv_1,7808,8,64,8,128,16,128,16,2,1,4,1,125.9479,63.445
[experiment] llama3_70b_num_mma_kv_1,7936,8,64,8,128,16,128,16,2,1,4,1,130.0917,63.455
[experiment] llama3_70b_num_mma_kv_1,8064,8,64,8,128,16,128,16,2,1,4,1,134.3149,63.458
[experiment] llama3_70b_num_mma_kv_1,8192,8,64,8,128,16,128,16,2,1,4,1,138.8913,63.331
[experiment] llama3_8b_num_mma_kv_2,128,8,32,8,128,16,128,32,2,2,4,1,0.0575,18.67
[experiment] llama3_8b_num_mma_kv_2,256,8,32,8,128,16,128,32,2,2,4,1,0.1337,32.12
[experiment] llama3_8b_num_mma_kv_2,384,8,32,8,128,16,128,32,2,2,4,1,0.2404,40.198
[experiment] llama3_8b_num_mma_kv_2,512,8,32,8,128,16,128,32,2,2,4,1,0.3812,45.072
[experiment] llama3_8b_num_mma_kv_2,640,8,32,8,128,16,128,32,2,2,4,1,0.5541,48.444
[experiment] llama3_8b_num_mma_kv_2,768,8,32,8,128,16,128,32,2,2,4,1,0.7249,53.326
[experiment] llama3_8b_num_mma_kv_2,896,8,32,8,128,16,128,32,2,2,4,1,0.953,55.207
[experiment] llama3_8b_num_mma_kv_2,1024,8,32,8,128,16,128,32,2,2,4,1,1.2069,56.939
[experiment] llama3_8b_num_mma_kv_2,1152,8,32,8,128,16,128,32,2,2,4,1,1.5132,57.478
[experiment] llama3_8b_num_mma_kv_2,1280,8,32,8,128,16,128,32,2,2,4,1,1.8447,58.205
[experiment] llama3_8b_num_mma_kv_2,1408,8,32,8,128,16,128,32,2,2,4,1,2.1801,59.594
[experiment] llama3_8b_num_mma_kv_2,1536,8,32,8,128,16,128,32,2,2,4,1,2.597,59.538
[experiment] llama3_8b_num_mma_kv_2,1664,8,32,8,128,16,128,32,2,2,4,1,3.0062,60.363
[experiment] llama3_8b_num_mma_kv_2,1792,8,32,8,128,16,128,32,2,2,4,1,3.442,61.142
[experiment] llama3_8b_num_mma_kv_2,1920,8,32,8,128,16,128,32,2,2,4,1,3.9072,61.832
[experiment] llama3_8b_num_mma_kv_2,2048,8,32,8,128,16,128,32,2,2,4,1,4.443,61.867
[experiment] llama3_8b_num_mma_kv_2,2176,8,32,8,128,16,128,32,2,2,4,1,5.0229,61.78
[experiment] llama3_8b_num_mma_kv_2,2304,8,32,8,128,16,128,32,2,2,4,1,5.6033,62.088
[experiment] llama3_8b_num_mma_kv_2,2432,8,32,8,128,16,128,32,2,2,4,1,6.2221,62.298
[experiment] llama3_8b_num_mma_kv_2,2560,8,32,8,128,16,128,32,2,2,4,1,6.8802,62.425
[experiment] llama3_8b_num_mma_kv_2,2688,8,32,8,128,16,128,32,2,2,4,1,7.5314,62.873
[experiment] llama3_8b_num_mma_kv_2,2816,8,32,8,128,16,128,32,2,2,4,1,8.2227,63.202
[experiment] llama3_8b_num_mma_kv_2,2944,8,32,8,128,16,128,32,2,2,4,1,8.9261,63.635
[experiment] llama3_8b_num_mma_kv_2,3072,8,32,8,128,16,128,32,2,2,4,1,9.6892,63.831
[experiment] llama3_8b_num_mma_kv_2,3200,8,32,8,128,16,128,32,2,2,4,1,10.4978,63.927
[experiment] llama3_8b_num_mma_kv_2,3328,8,32,8,128,16,128,32,2,2,4,1,11.319,64.126
[experiment] llama3_8b_num_mma_kv_2,3456,8,32,8,128,16,128,32,2,2,4,1,12.1855,64.237
[experiment] llama3_8b_num_mma_kv_2,3584,8,32,8,128,16,128,32,2,2,4,1,13.0494,64.51
[experiment] llama3_8b_num_mma_kv_2,3712,8,32,8,128,16,128,32,2,2,4,1,13.9653,64.661
[experiment] llama3_8b_num_mma_kv_2,3840,8,32,8,128,16,128,32,2,2,4,1,14.9709,64.55
[experiment] llama3_8b_num_mma_kv_2,3968,8,32,8,128,16,128,32,2,2,4,1,15.9752,64.592
[experiment] llama3_8b_num_mma_kv_2,4096,8,32,8,128,16,128,32,2,2,4,1,16.9895,64.717
[experiment] llama3_8b_num_mma_kv_2,4224,8,32,8,128,16,128,32,2,2,4,1,18.0485,64.787
[experiment] llama3_8b_num_mma_kv_2,4352,8,32,8,128,16,128,32,2,2,4,1,19.1196,64.92
[experiment] llama3_8b_num_mma_kv_2,4480,8,32,8,128,16,128,32,2,2,4,1,20.2015,65.111
[experiment] llama3_8b_num_mma_kv_2,4608,8,32,8,128,16,128,32,2,2,4,1,21.3395,65.211
[experiment] llama3_8b_num_mma_kv_2,4736,8,32,8,128,16,128,32,2,2,4,1,22.5316,65.24
[experiment] llama3_8b_num_mma_kv_2,4864,8,32,8,128,16,128,32,2,2,4,1,23.7338,65.328
[experiment] llama3_8b_num_mma_kv_2,4992,8,32,8,128,16,128,32,2,2,4,1,25.0483,65.201
[experiment] llama3_8b_num_mma_kv_2,5120,8,32,8,128,16,128,32,2,2,4,1,26.3387,65.227
[experiment] llama3_8b_num_mma_kv_2,5248,8,32,8,128,16,128,32,2,2,4,1,27.6387,65.305
[experiment] llama3_8b_num_mma_kv_2,5376,8,32,8,128,16,128,32,2,2,4,1,28.9617,65.399
[experiment] llama3_8b_num_mma_kv_2,5504,8,32,8,128,16,128,32,2,2,4,1,30.3354,65.447
[experiment] llama3_8b_num_mma_kv_2,5632,8,32,8,128,16,128,32,2,2,4,1,31.724,65.526
[experiment] llama3_8b_num_mma_kv_2,5760,8,32,8,128,16,128,32,2,2,4,1,33.1519,65.587
[experiment] llama3_8b_num_mma_kv_2,5888,8,32,8,128,16,128,32,2,2,4,1,34.6205,65.627
[experiment] llama3_8b_num_mma_kv_2,6016,8,32,8,128,16,128,32,2,2,4,1,36.1238,65.66
[experiment] llama3_8b_num_mma_kv_2,6144,8,32,8,128,16,128,32,2,2,4,1,37.6462,65.715
[experiment] llama3_8b_num_mma_kv_2,6272,8,32,8,128,16,128,32,2,2,4,1,39.1889,65.785
[experiment] llama3_8b_num_mma_kv_2,6400,8,32,8,128,16,128,32,2,2,4,1,40.7817,65.822
[experiment] llama3_8b_num_mma_kv_2,6528,8,32,8,128,16,128,32,2,2,4,1,42.3914,65.881
[experiment] llama3_8b_num_mma_kv_2,6656,8,32,8,128,16,128,32,2,2,4,1,44.0205,65.956
[experiment] llama3_8b_num_mma_kv_2,6784,8,32,8,128,16,128,32,2,2,4,1,45.7027,65.995
[experiment] llama3_8b_num_mma_kv_2,6912,8,32,8,128,16,128,32,2,2,4,1,47.4282,66.016
[experiment] llama3_8b_num_mma_kv_2,7040,8,32,8,128,16,128,32,2,2,4,1,49.1435,66.094
[experiment] llama3_8b_num_mma_kv_2,7168,8,32,8,128,16,128,32,2,2,4,1,50.9141,66.136
[experiment] llama3_8b_num_mma_kv_2,7296,8,32,8,128,16,128,32,2,2,4,1,52.7099,66.185
[experiment] llama3_8b_num_mma_kv_2,7424,8,32,8,128,16,128,32,2,2,4,1,54.5363,66.232
[experiment] llama3_8b_num_mma_kv_2,7552,8,32,8,128,16,128,32,2,2,4,1,56.4153,66.253
[experiment] llama3_8b_num_mma_kv_2,7680,8,32,8,128,16,128,32,2,2,4,1,58.3034,66.299
[experiment] llama3_8b_num_mma_kv_2,7808,8,32,8,128,16,128,32,2,2,4,1,60.0188,66.569
[experiment] llama3_8b_num_mma_kv_2,7936,8,32,8,128,16,128,32,2,2,4,1,61.9411,66.635
[experiment] llama3_8b_num_mma_kv_2,8064,8,32,8,128,16,128,32,2,2,4,1,63.914,66.678
[experiment] llama3_8b_num_mma_kv_2,8192,8,32,8,128,16,128,32,2,2,4,1,65.9192,66.719
[experiment] llama3_70b_num_mma_kv_2,128,8,64,8,128,16,128,32,2,2,4,1,0.093,23.089
[experiment] llama3_70b_num_mma_kv_2,256,8,64,8,128,16,128,32,2,2,4,1,0.2331,36.849
[experiment] llama3_70b_num_mma_kv_2,384,8,64,8,128,16,128,32,2,2,4,1,0.4367,44.258
[experiment] llama3_70b_num_mma_kv_2,512,8,64,8,128,16,128,32,2,2,4,1,0.6922,49.635
[experiment] llama3_70b_num_mma_kv_2,640,8,64,8,128,16,128,32,2,2,4,1,1.0118,53.058
[experiment] llama3_70b_num_mma_kv_2,768,8,64,8,128,16,128,32,2,2,4,1,1.4003,55.211
[experiment] llama3_70b_num_mma_kv_2,896,8,64,8,128,16,128,32,2,2,4,1,1.8805,55.958
[experiment] llama3_70b_num_mma_kv_2,1024,8,64,8,128,16,128,32,2,2,4,1,2.3798,57.751
[experiment] llama3_70b_num_mma_kv_2,1152,8,64,8,128,16,128,32,2,2,4,1,2.9772,58.427
[experiment] llama3_70b_num_mma_kv_2,1280,8,64,8,128,16,128,32,2,2,4,1,3.5912,59.798
[experiment] llama3_70b_num_mma_kv_2,1408,8,64,8,128,16,128,32,2,2,4,1,4.2825,60.676
[experiment] llama3_70b_num_mma_kv_2,1536,8,64,8,128,16,128,32,2,2,4,1,5.097,60.671
[experiment] llama3_70b_num_mma_kv_2,1664,8,64,8,128,16,128,32,2,2,4,1,5.9384,61.115
[experiment] llama3_70b_num_mma_kv_2,1792,8,64,8,128,16,128,32,2,2,4,1,6.8586,61.369
[experiment] llama3_70b_num_mma_kv_2,1920,8,64,8,128,16,128,32,2,2,4,1,7.7724,62.167
[experiment] llama3_70b_num_mma_kv_2,2048,8,64,8,128,16,128,32,2,2,4,1,8.7657,62.717
[experiment] llama3_70b_num_mma_kv_2,2176,8,64,8,128,16,128,32,2,2,4,1,9.8532,62.987
[experiment] llama3_70b_num_mma_kv_2,2304,8,64,8,128,16,128,32,2,2,4,1,11.0005,63.25
[experiment] llama3_70b_num_mma_kv_2,2432,8,64,8,128,16,128,32,2,2,4,1,12.2018,63.535
[experiment] llama3_70b_num_mma_kv_2,2560,8,64,8,128,16,128,32,2,2,4,1,13.4679,63.781
[experiment] llama3_70b_num_mma_kv_2,2688,8,64,8,128,16,128,32,2,2,4,1,14.7871,64.045
[experiment] llama3_70b_num_mma_kv_2,2816,8,64,8,128,16,128,32,2,2,4,1,16.2194,64.083
[experiment] llama3_70b_num_mma_kv_2,2944,8,64,8,128,16,128,32,2,2,4,1,17.7066,64.158
[experiment] llama3_70b_num_mma_kv_2,3072,8,64,8,128,16,128,32,2,2,4,1,19.2108,64.388
[experiment] llama3_70b_num_mma_kv_2,3200,8,64,8,128,16,128,32,2,2,4,1,20.7656,64.635
[experiment] llama3_70b_num_mma_kv_2,3328,8,64,8,128,16,128,32,2,2,4,1,22.4159,64.762
[experiment] llama3_70b_num_mma_kv_2,3456,8,64,8,128,16,128,32,2,2,4,1,24.1295,64.88
[experiment] llama3_70b_num_mma_kv_2,3584,8,64,8,128,16,128,32,2,2,4,1,25.8812,65.052
[experiment] llama3_70b_num_mma_kv_2,3712,8,64,8,128,16,128,32,2,2,4,1,27.7509,65.08
[experiment] llama3_70b_num_mma_kv_2,3840,8,64,8,128,16,128,32,2,2,4,1,29.6395,65.208
[experiment] llama3_70b_num_mma_kv_2,3968,8,64,8,128,16,128,32,2,2,4,1,31.5487,65.414
[experiment] llama3_70b_num_mma_kv_2,4096,8,64,8,128,16,128,32,2,2,4,1,33.6061,65.435
[experiment] llama3_70b_num_mma_kv_2,4224,8,64,8,128,16,128,32,2,2,4,1,35.6566,65.587
[experiment] llama3_70b_num_mma_kv_2,4352,8,64,8,128,16,128,32,2,2,4,1,37.8637,65.564
[experiment] llama3_70b_num_mma_kv_2,4480,8,64,8,128,16,128,32,2,2,4,1,40.0394,65.702
[experiment] llama3_70b_num_mma_kv_2,4608,8,64,8,128,16,128,32,2,2,4,1,42.3025,65.791
[experiment] llama3_70b_num_mma_kv_2,4736,8,64,8,128,16,128,32,2,2,4,1,44.6131,65.898
[experiment] llama3_70b_num_mma_kv_2,4864,8,64,8,128,16,128,32,2,2,4,1,47.0553,65.9
[experiment] llama3_70b_num_mma_kv_2,4992,8,64,8,128,16,128,32,2,2,4,1,49.4517,66.051
[experiment] llama3_70b_num_mma_kv_2,5120,8,64,8,128,16,128,32,2,2,4,1,51.979,66.103
[experiment] llama3_70b_num_mma_kv_2,5248,8,64,8,128,16,128,32,2,2,4,1,54.5708,66.151
[experiment] llama3_70b_num_mma_kv_2,5376,8,64,8,128,16,128,32,2,2,4,1,57.1833,66.246
[experiment] llama3_70b_num_mma_kv_2,5504,8,64,8,128,16,128,32,2,2,4,1,59.874,66.318
[experiment] llama3_70b_num_mma_kv_2,5632,8,64,8,128,16,128,32,2,2,4,1,62.5982,66.416
[experiment] llama3_70b_num_mma_kv_2,5760,8,64,8,128,16,128,32,2,2,4,1,65.4675,66.425
[experiment] llama3_70b_num_mma_kv_2,5888,8,64,8,128,16,128,32,2,2,4,1,68.3513,66.481
[experiment] llama3_70b_num_mma_kv_2,6016,8,64,8,128,16,128,32,2,2,4,1,71.3067,66.527
[experiment] llama3_70b_num_mma_kv_2,6144,8,64,8,128,16,128,32,2,2,4,1,74.3791,66.521
[experiment] llama3_70b_num_mma_kv_2,6272,8,64,8,128,16,128,32,2,2,4,1,77.3819,66.632
[experiment] llama3_70b_num_mma_kv_2,6400,8,64,8,128,16,128,32,2,2,4,1,80.5472,66.653
[experiment] llama3_70b_num_mma_kv_2,6528,8,64,8,128,16,128,32,2,2,4,1,83.7332,66.707
[experiment] llama3_70b_num_mma_kv_2,6656,8,64,8,128,16,128,32,2,2,4,1,86.9925,66.751
[experiment] llama3_70b_num_mma_kv_2,6784,8,64,8,128,16,128,32,2,2,4,1,90.3192,66.788
[experiment] llama3_70b_num_mma_kv_2,6912,8,64,8,128,16,128,32,2,2,4,1,93.6757,66.848
[experiment] llama3_70b_num_mma_kv_2,7040,8,64,8,128,16,128,32,2,2,4,1,97.157,66.862
[experiment] llama3_70b_num_mma_kv_2,7168,8,64,8,128,16,128,32,2,2,4,1,100.631,66.923
[experiment] llama3_70b_num_mma_kv_2,7296,8,64,8,128,16,128,32,2,2,4,1,104.2487,66.928
[experiment] llama3_70b_num_mma_kv_2,7424,8,64,8,128,16,128,32,2,2,4,1,107.9524,66.92
[experiment] llama3_70b_num_mma_kv_2,7552,8,64,8,128,16,128,32,2,2,4,1,111.5956,66.986
[experiment] llama3_70b_num_mma_kv_2,7680,8,64,8,128,16,128,32,2,2,4,1,115.3841,67.002
[experiment] llama3_70b_num_mma_kv_2,7808,8,64,8,128,16,128,32,2,2,4,1,119.1881,67.043
[experiment] llama3_70b_num_mma_kv_2,7936,8,64,8,128,16,128,32,2,2,4,1,123.1219,67.047
[experiment] llama3_70b_num_mma_kv_2,8064,8,64,8,128,16,128,32,2,2,4,1,127.0633,67.08
[experiment] llama3_70b_num_mma_kv_2,8192,8,64,8,128,16,128,32,2,2,4,1,131.1114,67.089
[experiment] llama3_8b_num_mma_kv_4,128,8,32,8,128,16,128,64,2,4,4,1,0.068,15.798
[experiment] llama3_8b_num_mma_kv_4,256,8,32,8,128,16,128,64,2,4,4,1,0.1625,26.43
[experiment] llama3_8b_num_mma_kv_4,384,8,32,8,128,16,128,64,2,4,4,1,0.2907,33.246
[experiment] llama3_8b_num_mma_kv_4,512,8,32,8,128,16,128,64,2,4,4,1,0.42,40.906
[experiment] llama3_8b_num_mma_kv_4,640,8,32,8,128,16,128,64,2,4,4,1,0.6022,44.576
[experiment] llama3_8b_num_mma_kv_4,768,8,32,8,128,16,128,64,2,4,4,1,0.8232,46.959
[experiment] llama3_8b_num_mma_kv_4,896,8,32,8,128,16,128,64,2,4,4,1,1.0747,48.957
[experiment] llama3_8b_num_mma_kv_4,1024,8,32,8,128,16,128,64,2,4,4,1,1.3543,50.744
[experiment] llama3_8b_num_mma_kv_4,1152,8,32,8,128,16,128,64,2,4,4,1,1.669,52.112
[experiment] llama3_8b_num_mma_kv_4,1280,8,32,8,128,16,128,64,2,4,4,1,2.0292,52.914
[experiment] llama3_8b_num_mma_kv_4,1408,8,32,8,128,16,128,64,2,4,4,1,2.4057,54.007
[experiment] llama3_8b_num_mma_kv_4,1536,8,32,8,128,16,128,64,2,4,4,1,2.8315,54.607
[experiment] llama3_8b_num_mma_kv_4,1664,8,32,8,128,16,128,64,2,4,4,1,3.2628,55.615
[experiment] llama3_8b_num_mma_kv_4,1792,8,32,8,128,16,128,64,2,4,4,1,3.7359,56.333
[experiment] llama3_8b_num_mma_kv_4,1920,8,32,8,128,16,128,64,2,4,4,1,4.2418,56.954
[experiment] llama3_8b_num_mma_kv_4,2048,8,32,8,128,16,128,64,2,4,4,1,4.8227,56.996
[experiment] llama3_8b_num_mma_kv_4,2176,8,32,8,128,16,128,64,2,4,4,1,5.4572,56.863
[experiment] llama3_8b_num_mma_kv_4,2304,8,32,8,128,16,128,64,2,4,4,1,6.0858,57.165
[experiment] llama3_8b_num_mma_kv_4,2432,8,32,8,128,16,128,64,2,4,4,1,6.7456,57.463
[experiment] llama3_8b_num_mma_kv_4,2560,8,32,8,128,16,128,64,2,4,4,1,7.4293,57.811
[experiment] llama3_8b_num_mma_kv_4,2688,8,32,8,128,16,128,64,2,4,4,1,8.1438,58.145
[experiment] llama3_8b_num_mma_kv_4,2816,8,32,8,128,16,128,64,2,4,4,1,8.8476,58.738
[experiment] llama3_8b_num_mma_kv_4,2944,8,32,8,128,16,128,64,2,4,4,1,9.6242,59.019
[experiment] llama3_8b_num_mma_kv_4,3072,8,32,8,128,16,128,64,2,4,4,1,10.4393,59.245
[experiment] llama3_8b_num_mma_kv_4,3200,8,32,8,128,16,128,64,2,4,4,1,11.2892,59.445
[experiment] llama3_8b_num_mma_kv_4,3328,8,32,8,128,16,128,64,2,4,4,1,12.166,59.662
[experiment] llama3_8b_num_mma_kv_4,3456,8,32,8,128,16,128,64,2,4,4,1,13.0835,59.828
[experiment] llama3_8b_num_mma_kv_4,3584,8,32,8,128,16,128,64,2,4,4,1,14.0181,60.052
[experiment] llama3_8b_num_mma_kv_4,3712,8,32,8,128,16,128,64,2,4,4,1,15.0071,60.172
[experiment] llama3_8b_num_mma_kv_4,3840,8,32,8,128,16,128,64,2,4,4,1,16.0286,60.29
[experiment] llama3_8b_num_mma_kv_4,3968,8,32,8,128,16,128,64,2,4,4,1,17.1022,60.335
[experiment] llama3_8b_num_mma_kv_4,4096,8,32,8,128,16,128,64,2,4,4,1,18.1944,60.431
[experiment] llama3_8b_num_mma_kv_4,4224,8,32,8,128,16,128,64,2,4,4,1,19.2844,60.635
[experiment] llama3_8b_num_mma_kv_4,4352,8,32,8,128,16,128,64,2,4,4,1,20.425,60.771
[experiment] llama3_8b_num_mma_kv_4,4480,8,32,8,128,16,128,64,2,4,4,1,21.6105,60.865
[experiment] llama3_8b_num_mma_kv_4,4608,8,32,8,128,16,128,64,2,4,4,1,22.8216,60.976
[experiment] llama3_8b_num_mma_kv_4,4736,8,32,8,128,16,128,64,2,4,4,1,24.0534,61.112
[experiment] llama3_8b_num_mma_kv_4,4864,8,32,8,128,16,128,64,2,4,4,1,25.3129,61.253
[experiment] llama3_8b_num_mma_kv_4,4992,8,32,8,128,16,128,64,2,4,4,1,26.6404,61.304
[experiment] llama3_8b_num_mma_kv_4,5120,8,32,8,128,16,128,64,2,4,4,1,28.0482,61.251
[experiment] llama3_8b_num_mma_kv_4,5248,8,32,8,128,16,128,64,2,4,4,1,29.3988,61.396
[experiment] llama3_8b_num_mma_kv_4,5376,8,32,8,128,16,128,64,2,4,4,1,30.7938,61.508
[experiment] llama3_8b_num_mma_kv_4,5504,8,32,8,128,16,128,64,2,4,4,1,32.2478,61.565
[experiment] llama3_8b_num_mma_kv_4,5632,8,32,8,128,16,128,64,2,4,4,1,33.729,61.631
[experiment] llama3_8b_num_mma_kv_4,5760,8,32,8,128,16,128,64,2,4,4,1,35.2046,61.763
[experiment] llama3_8b_num_mma_kv_4,5888,8,32,8,128,16,128,64,2,4,4,1,36.7877,61.761
[experiment] llama3_8b_num_mma_kv_4,6016,8,32,8,128,16,128,64,2,4,4,1,38.3731,61.811
[experiment] llama3_8b_num_mma_kv_4,6144,8,32,8,128,16,128,64,2,4,4,1,39.9806,61.877
[experiment] llama3_8b_num_mma_kv_4,6272,8,32,8,128,16,128,64,2,4,4,1,41.5977,61.976
[experiment] llama3_8b_num_mma_kv_4,6400,8,32,8,128,16,128,64,2,4,4,1,43.3117,61.978
[experiment] llama3_8b_num_mma_kv_4,6528,8,32,8,128,16,128,64,2,4,4,1,45.0239,62.029
[experiment] llama3_8b_num_mma_kv_4,6656,8,32,8,128,16,128,64,2,4,4,1,46.7404,62.118
[experiment] llama3_8b_num_mma_kv_4,6784,8,32,8,128,16,128,64,2,4,4,1,48.549,62.126
[experiment] llama3_8b_num_mma_kv_4,6912,8,32,8,128,16,128,64,2,4,4,1,50.3387,62.199
[experiment] llama3_8b_num_mma_kv_4,7040,8,32,8,128,16,128,64,2,4,4,1,52.1925,62.233
[experiment] llama3_8b_num_mma_kv_4,7168,8,32,8,128,16,128,64,2,4,4,1,54.0639,62.283
[experiment] llama3_8b_num_mma_kv_4,7296,8,32,8,128,16,128,64,2,4,4,1,55.9417,62.361
[experiment] llama3_8b_num_mma_kv_4,7424,8,32,8,128,16,128,64,2,4,4,1,57.9025,62.382
[experiment] llama3_8b_num_mma_kv_4,7552,8,32,8,128,16,128,64,2,4,4,1,59.8522,62.449
[experiment] llama3_8b_num_mma_kv_4,7680,8,32,8,128,16,128,64,2,4,4,1,61.8515,62.496
[experiment] llama3_8b_num_mma_kv_4,7808,8,32,8,128,16,128,64,2,4,4,1,63.8961,62.53
[experiment] llama3_8b_num_mma_kv_4,7936,8,32,8,128,16,128,64,2,4,4,1,65.9653,62.57
[experiment] llama3_8b_num_mma_kv_4,8064,8,32,8,128,16,128,64,2,4,4,1,68.0809,62.597
[experiment] llama3_8b_num_mma_kv_4,8192,8,32,8,128,16,128,64,2,4,4,1,70.1899,62.659
[experiment] llama3_70b_num_mma_kv_4,128,8,64,8,128,16,128,64,2,4,4,1,0.1188,18.077
[experiment] llama3_70b_num_mma_kv_4,256,8,64,8,128,16,128,64,2,4,4,1,0.2999,28.639
[experiment] llama3_70b_num_mma_kv_4,384,8,64,8,128,16,128,64,2,4,4,1,0.5573,34.68
[experiment] llama3_70b_num_mma_kv_4,512,8,64,8,128,16,128,64,2,4,4,1,0.8209,41.856
[experiment] llama3_70b_num_mma_kv_4,640,8,64,8,128,16,128,64,2,4,4,1,1.1788,45.545
[experiment] llama3_70b_num_mma_kv_4,768,8,64,8,128,16,128,64,2,4,4,1,1.6105,48.003
[experiment] llama3_70b_num_mma_kv_4,896,8,64,8,128,16,128,64,2,4,4,1,2.1383,49.21
[experiment] llama3_70b_num_mma_kv_4,1024,8,64,8,128,16,128,64,2,4,4,1,2.6811,51.263
[experiment] llama3_70b_num_mma_kv_4,1152,8,64,8,128,16,128,64,2,4,4,1,3.3373,52.122
[experiment] llama3_70b_num_mma_kv_4,1280,8,64,8,128,16,128,64,2,4,4,1,4.014,53.499
[experiment] llama3_70b_num_mma_kv_4,1408,8,64,8,128,16,128,64,2,4,4,1,4.7944,54.198
[experiment] llama3_70b_num_mma_kv_4,1536,8,64,8,128,16,128,64,2,4,4,1,5.6528,54.705
[experiment] llama3_70b_num_mma_kv_4,1664,8,64,8,128,16,128,64,2,4,4,1,6.5642,55.288
[experiment] llama3_70b_num_mma_kv_4,1792,8,64,8,128,16,128,64,2,4,4,1,7.5057,56.078
[experiment] llama3_70b_num_mma_kv_4,1920,8,64,8,128,16,128,64,2,4,4,1,8.5182,56.724
[experiment] llama3_70b_num_mma_kv_4,2048,8,64,8,128,16,128,64,2,4,4,1,9.5952,57.295
[experiment] llama3_70b_num_mma_kv_4,2176,8,64,8,128,16,128,64,2,4,4,1,10.7685,57.633
[experiment] llama3_70b_num_mma_kv_4,2304,8,64,8,128,16,128,64,2,4,4,1,11.9985,57.989
[experiment] llama3_70b_num_mma_kv_4,2432,8,64,8,128,16,128,64,2,4,4,1,13.277,58.39
[experiment] llama3_70b_num_mma_kv_4,2560,8,64,8,128,16,128,64,2,4,4,1,14.6188,58.76
[experiment] llama3_70b_num_mma_kv_4,2688,8,64,8,128,16,128,64,2,4,4,1,16.0806,58.893
[experiment] llama3_70b_num_mma_kv_4,2816,8,64,8,128,16,128,64,2,4,4,1,17.6009,59.053
[experiment] llama3_70b_num_mma_kv_4,2944,8,64,8,128,16,128,64,2,4,4,1,19.1586,59.296
[experiment] llama3_70b_num_mma_kv_4,3072,8,64,8,128,16,128,64,2,4,4,1,20.7542,59.6
[experiment] llama3_70b_num_mma_kv_4,3200,8,64,8,128,16,128,64,2,4,4,1,22.4494,59.787
[experiment] llama3_70b_num_mma_kv_4,3328,8,64,8,128,16,128,64,2,4,4,1,24.1948,60.0
[experiment] llama3_70b_num_mma_kv_4,3456,8,64,8,128,16,128,64,2,4,4,1,26.0247,60.155
[experiment] llama3_70b_num_mma_kv_4,3584,8,64,8,128,16,128,64,2,4,4,1,27.9493,60.239
[experiment] llama3_70b_num_mma_kv_4,3712,8,64,8,128,16,128,64,2,4,4,1,29.8986,60.405
[experiment] llama3_70b_num_mma_kv_4,3840,8,64,8,128,16,128,64,2,4,4,1,31.9041,60.58
[experiment] llama3_70b_num_mma_kv_4,3968,8,64,8,128,16,128,64,2,4,4,1,33.9953,60.706
[experiment] llama3_70b_num_mma_kv_4,4096,8,64,8,128,16,128,64,2,4,4,1,36.1347,60.856
[experiment] llama3_70b_num_mma_kv_4,4224,8,64,8,128,16,128,64,2,4,4,1,38.3812,60.931
[experiment] llama3_70b_num_mma_kv_4,4352,8,64,8,128,16,128,64,2,4,4,1,40.6734,61.035
[experiment] llama3_70b_num_mma_kv_4,4480,8,64,8,128,16,128,64,2,4,4,1,43.0144,61.158
[experiment] llama3_70b_num_mma_kv_4,4608,8,64,8,128,16,128,64,2,4,4,1,45.4153,61.282
[experiment] llama3_70b_num_mma_kv_4,4736,8,64,8,128,16,128,64,2,4,4,1,47.9123,61.36
[experiment] llama3_70b_num_mma_kv_4,4864,8,64,8,128,16,128,64,2,4,4,1,50.4515,61.464
[experiment] llama3_70b_num_mma_kv_4,4992,8,64,8,128,16,128,64,2,4,4,1,53.0951,61.518
[experiment] llama3_70b_num_mma_kv_4,5120,8,64,8,128,16,128,64,2,4,4,1,55.7665,61.614
[experiment] llama3_70b_num_mma_kv_4,5248,8,64,8,128,16,128,64,2,4,4,1,58.5254,61.681
[experiment] llama3_70b_num_mma_kv_4,5376,8,64,8,128,16,128,64,2,4,4,1,61.3226,61.774
[experiment] llama3_70b_num_mma_kv_4,5504,8,64,8,128,16,128,64,2,4,4,1,64.206,61.843
[experiment] llama3_70b_num_mma_kv_4,5632,8,64,8,128,16,128,64,2,4,4,1,67.1677,61.898
[experiment] llama3_70b_num_mma_kv_4,5760,8,64,8,128,16,128,64,2,4,4,1,70.1995,61.947
[experiment] llama3_70b_num_mma_kv_4,5888,8,64,8,128,16,128,64,2,4,4,1,73.2297,62.052
[experiment] llama3_70b_num_mma_kv_4,6016,8,64,8,128,16,128,64,2,4,4,1,76.4023,62.09
[experiment] llama3_70b_num_mma_kv_4,6144,8,64,8,128,16,128,64,2,4,4,1,79.6458,62.123
[experiment] llama3_70b_num_mma_kv_4,6272,8,64,8,128,16,128,64,2,4,4,1,82.9056,62.193
[experiment] llama3_70b_num_mma_kv_4,6400,8,64,8,128,16,128,64,2,4,4,1,86.223,62.265
[experiment] llama3_70b_num_mma_kv_4,6528,8,64,8,128,16,128,64,2,4,4,1,89.6409,62.311
[experiment] llama3_70b_num_mma_kv_4,6656,8,64,8,128,16,128,64,2,4,4,1,93.0927,62.377
[experiment] llama3_70b_num_mma_kv_4,6784,8,64,8,128,16,128,64,2,4,4,1,96.6347,62.424
[experiment] llama3_70b_num_mma_kv_4,6912,8,64,8,128,16,128,64,2,4,4,1,100.252,62.463
[experiment] llama3_70b_num_mma_kv_4,7040,8,64,8,128,16,128,64,2,4,4,1,103.9466,62.495
[experiment] llama3_70b_num_mma_kv_4,7168,8,64,8,128,16,128,64,2,4,4,1,107.6904,62.536
[experiment] llama3_70b_num_mma_kv_4,7296,8,64,8,128,16,128,64,2,4,4,1,111.5215,62.563
[experiment] llama3_70b_num_mma_kv_4,7424,8,64,8,128,16,128,64,2,4,4,1,115.3906,62.606
[experiment] llama3_70b_num_mma_kv_4,7552,8,64,8,128,16,128,64,2,4,4,1,119.3465,62.636
[experiment] llama3_70b_num_mma_kv_4,7680,8,64,8,128,16,128,64,2,4,4,1,123.34,62.68
[experiment] llama3_70b_num_mma_kv_4,7808,8,64,8,128,16,128,64,2,4,4,1,127.4092,62.717
[experiment] llama3_70b_num_mma_kv_4,7936,8,64,8,128,16,128,64,2,4,4,1,131.595,62.73
[experiment] llama3_70b_num_mma_kv_4,8064,8,64,8,128,16,128,64,2,4,4,1,135.7165,62.803
[experiment] llama3_70b_num_mma_kv_4,8192,8,64,8,128,16,128,64,2,4,4,1,139.9679,62.844
[experiment] llama3_8b_num_mma_kv_8,128,8,32,8,128,16,128,128,2,8,4,1,0.1053,10.201
[experiment] llama3_8b_num_mma_kv_8,256,8,32,8,128,16,128,128,2,8,4,1,0.2436,17.63
[experiment] llama3_8b_num_mma_kv_8,384,8,32,8,128,16,128,128,2,8,4,1,0.4305,22.445
[experiment] llama3_8b_num_mma_kv_8,512,8,32,8,128,16,128,128,2,8,4,1,0.6235,27.554
[experiment] llama3_8b_num_mma_kv_8,640,8,32,8,128,16,128,128,2,8,4,1,0.8861,30.293
[experiment] llama3_8b_num_mma_kv_8,768,8,32,8,128,16,128,128,2,8,4,1,1.1848,32.626
[experiment] llama3_8b_num_mma_kv_8,896,8,32,8,128,16,128,128,2,8,4,1,1.5308,34.37
[experiment] llama3_8b_num_mma_kv_8,1024,8,32,8,128,16,128,128,2,8,4,1,1.9148,35.889
[experiment] llama3_8b_num_mma_kv_8,1152,8,32,8,128,16,128,128,2,8,4,1,2.3493,37.02
[experiment] llama3_8b_num_mma_kv_8,1280,8,32,8,128,16,128,128,2,8,4,1,2.836,37.861
[experiment] llama3_8b_num_mma_kv_8,1408,8,32,8,128,16,128,128,2,8,4,1,3.3204,39.128
[experiment] llama3_8b_num_mma_kv_8,1536,8,32,8,128,16,128,128,2,8,4,1,3.8819,39.831
[experiment] llama3_8b_num_mma_kv_8,1664,8,32,8,128,16,128,128,2,8,4,1,4.5095,40.24
[experiment] llama3_8b_num_mma_kv_8,1792,8,32,8,128,16,128,128,2,8,4,1,5.1879,40.567
[experiment] llama3_8b_num_mma_kv_8,1920,8,32,8,128,16,128,128,2,8,4,1,5.8678,41.173
[experiment] llama3_8b_num_mma_kv_8,2048,8,32,8,128,16,128,128,2,8,4,1,6.6173,41.539
[experiment] llama3_8b_num_mma_kv_8,2176,8,32,8,128,16,128,128,2,8,4,1,7.4228,41.805
[experiment] llama3_8b_num_mma_kv_8,2304,8,32,8,128,16,128,128,2,8,4,1,8.2303,42.27
[experiment] llama3_8b_num_mma_kv_8,2432,8,32,8,128,16,128,128,2,8,4,1,9.037,42.893
[experiment] llama3_8b_num_mma_kv_8,2560,8,32,8,128,16,128,128,2,8,4,1,9.9632,43.108
[experiment] llama3_8b_num_mma_kv_8,2688,8,32,8,128,16,128,128,2,8,4,1,10.924,43.347
[experiment] llama3_8b_num_mma_kv_8,2816,8,32,8,128,16,128,128,2,8,4,1,11.9282,43.568
[experiment] llama3_8b_num_mma_kv_8,2944,8,32,8,128,16,128,128,2,8,4,1,12.9583,43.834
[experiment] llama3_8b_num_mma_kv_8,3072,8,32,8,128,16,128,128,2,8,4,1,14.0408,44.048
[experiment] llama3_8b_num_mma_kv_8,3200,8,32,8,128,16,128,128,2,8,4,1,15.1801,44.208
[experiment] llama3_8b_num_mma_kv_8,3328,8,32,8,128,16,128,128,2,8,4,1,16.4099,44.232
[experiment] llama3_8b_num_mma_kv_8,3456,8,32,8,128,16,128,128,2,8,4,1,17.6598,44.324
[experiment] llama3_8b_num_mma_kv_8,3584,8,32,8,128,16,128,128,2,8,4,1,18.9208,44.492
[experiment] llama3_8b_num_mma_kv_8,3712,8,32,8,128,16,128,128,2,8,4,1,20.1874,44.732
[experiment] llama3_8b_num_mma_kv_8,3840,8,32,8,128,16,128,128,2,8,4,1,21.5652,44.812
[experiment] llama3_8b_num_mma_kv_8,3968,8,32,8,128,16,128,128,2,8,4,1,22.9725,44.918
[experiment] llama3_8b_num_mma_kv_8,4096,8,32,8,128,16,128,128,2,8,4,1,24.3854,45.089
[experiment] llama3_8b_num_mma_kv_8,4224,8,32,8,128,16,128,128,2,8,4,1,25.9036,45.141
[experiment] llama3_8b_num_mma_kv_8,4352,8,32,8,128,16,128,128,2,8,4,1,27.4673,45.19
[experiment] llama3_8b_num_mma_kv_8,4480,8,32,8,128,16,128,128,2,8,4,1,29.0351,45.302
[experiment] llama3_8b_num_mma_kv_8,4608,8,32,8,128,16,128,128,2,8,4,1,30.6433,45.412
[experiment] llama3_8b_num_mma_kv_8,4736,8,32,8,128,16,128,128,2,8,4,1,32.3022,45.506
[experiment] llama3_8b_num_mma_kv_8,4864,8,32,8,128,16,128,128,2,8,4,1,33.9923,45.613
[experiment] llama3_8b_num_mma_kv_8,4992,8,32,8,128,16,128,128,2,8,4,1,35.791,45.631
[experiment] llama3_8b_num_mma_kv_8,5120,8,32,8,128,16,128,128,2,8,4,1,37.621,45.666
[experiment] llama3_8b_num_mma_kv_8,5248,8,32,8,128,16,128,128,2,8,4,1,39.4735,45.726
[experiment] llama3_8b_num_mma_kv_8,5376,8,32,8,128,16,128,128,2,8,4,1,41.3855,45.767
[experiment] llama3_8b_num_mma_kv_8,5504,8,32,8,128,16,128,128,2,8,4,1,43.4237,45.72
[experiment] llama3_8b_num_mma_kv_8,5632,8,32,8,128,16,128,128,2,8,4,1,45.4853,45.702
[experiment] llama3_8b_num_mma_kv_8,5760,8,32,8,128,16,128,128,2,8,4,1,47.5586,45.719
[experiment] llama3_8b_num_mma_kv_8,5888,8,32,8,128,16,128,128,2,8,4,1,49.6652,45.747
[experiment] llama3_8b_num_mma_kv_8,6016,8,32,8,128,16,128,128,2,8,4,1,51.8638,45.733
[experiment] llama3_8b_num_mma_kv_8,6144,8,32,8,128,16,128,128,2,8,4,1,54.0848,45.741
[experiment] llama3_8b_num_mma_kv_8,6272,8,32,8,128,16,128,128,2,8,4,1,56.3592,45.743
[experiment] llama3_8b_num_mma_kv_8,6400,8,32,8,128,16,128,128,2,8,4,1,58.7072,45.724
[experiment] llama3_8b_num_mma_kv_8,6528,8,32,8,128,16,128,128,2,8,4,1,61.1083,45.702
[experiment] llama3_8b_num_mma_kv_8,6656,8,32,8,128,16,128,128,2,8,4,1,63.4115,45.787
[experiment] llama3_8b_num_mma_kv_8,6784,8,32,8,128,16,128,128,2,8,4,1,66.0115,45.691
[experiment] llama3_8b_num_mma_kv_8,6912,8,32,8,128,16,128,128,2,8,4,1,68.3972,45.777
[experiment] llama3_8b_num_mma_kv_8,7040,8,32,8,128,16,128,128,2,8,4,1,71.1848,45.629
[experiment] llama3_8b_num_mma_kv_8,7168,8,32,8,128,16,128,128,2,8,4,1,73.5211,45.8
[experiment] llama3_8b_num_mma_kv_8,7296,8,32,8,128,16,128,128,2,8,4,1,76.3645,45.683
[experiment] llama3_8b_num_mma_kv_8,7424,8,32,8,128,16,128,128,2,8,4,1,78.9153,45.771
[experiment] llama3_8b_num_mma_kv_8,7552,8,32,8,128,16,128,128,2,8,4,1,81.8919,45.642
[experiment] llama3_8b_num_mma_kv_8,7680,8,32,8,128,16,128,128,2,8,4,1,84.3576,45.822
[experiment] llama3_8b_num_mma_kv_8,7808,8,32,8,128,16,128,128,2,8,4,1,87.3678,45.731
[experiment] llama3_8b_num_mma_kv_8,7936,8,32,8,128,16,128,128,2,8,4,1,90.0377,45.842
[experiment] llama3_8b_num_mma_kv_8,8064,8,32,8,128,16,128,128,2,8,4,1,93.2559,45.699
[experiment] llama3_8b_num_mma_kv_8,8192,8,32,8,128,16,128,128,2,8,4,1,95.9309,45.846
[experiment] llama3_70b_num_mma_kv_8,128,8,64,8,128,16,128,128,2,8,4,1,0.1849,11.612
[experiment] llama3_70b_num_mma_kv_8,256,8,64,8,128,16,128,128,2,8,4,1,0.4655,18.452
[experiment] llama3_70b_num_mma_kv_8,384,8,64,8,128,16,128,128,2,8,4,1,0.7968,24.256
[experiment] llama3_70b_num_mma_kv_8,512,8,64,8,128,16,128,128,2,8,4,1,1.2026,28.57
[experiment] llama3_70b_num_mma_kv_8,640,8,64,8,128,16,128,128,2,8,4,1,1.749,30.696
[experiment] llama3_70b_num_mma_kv_8,768,8,64,8,128,16,128,128,2,8,4,1,2.3635,32.709
[experiment] llama3_70b_num_mma_kv_8,896,8,64,8,128,16,128,128,2,8,4,1,3.065,34.332
[experiment] llama3_70b_num_mma_kv_8,1024,8,64,8,128,16,128,128,2,8,4,1,3.8175,36.002
[experiment] llama3_70b_num_mma_kv_8,1152,8,64,8,128,16,128,128,2,8,4,1,4.6947,37.052
[experiment] llama3_70b_num_mma_kv_8,1280,8,64,8,128,16,128,128,2,8,4,1,5.6694,37.879
[experiment] llama3_70b_num_mma_kv_8,1408,8,64,8,128,16,128,128,2,8,4,1,6.7217,38.657
[experiment] llama3_70b_num_mma_kv_8,1536,8,64,8,128,16,128,128,2,8,4,1,7.8116,39.587
[experiment] llama3_70b_num_mma_kv_8,1664,8,64,8,128,16,128,128,2,8,4,1,8.9964,40.341
[experiment] llama3_70b_num_mma_kv_8,1792,8,64,8,128,16,128,128,2,8,4,1,10.2766,40.958
[experiment] llama3_70b_num_mma_kv_8,1920,8,64,8,128,16,128,128,2,8,4,1,11.6505,41.473
[experiment] llama3_70b_num_mma_kv_8,2048,8,64,8,128,16,128,128,2,8,4,1,13.1062,41.946
[experiment] llama3_70b_num_mma_kv_8,2176,8,64,8,128,16,128,128,2,8,4,1,14.6447,42.379
[experiment] llama3_70b_num_mma_kv_8,2304,8,64,8,128,16,128,128,2,8,4,1,16.3322,42.602
[experiment] llama3_70b_num_mma_kv_8,2432,8,64,8,128,16,128,128,2,8,4,1,18.0173,43.028
[experiment] llama3_70b_num_mma_kv_8,2560,8,64,8,128,16,128,128,2,8,4,1,19.7937,43.397
[experiment] llama3_70b_num_mma_kv_8,2688,8,64,8,128,16,128,128,2,8,4,1,21.7044,43.634
[experiment] llama3_70b_num_mma_kv_8,2816,8,64,8,128,16,128,128,2,8,4,1,23.6563,43.937
[experiment] llama3_70b_num_mma_kv_8,2944,8,64,8,128,16,128,128,2,8,4,1,25.7901,44.049
[experiment] llama3_70b_num_mma_kv_8,3072,8,64,8,128,16,128,128,2,8,4,1,27.9715,44.222
[experiment] llama3_70b_num_mma_kv_8,3200,8,64,8,128,16,128,128,2,8,4,1,30.1704,44.487
[experiment] llama3_70b_num_mma_kv_8,3328,8,64,8,128,16,128,128,2,8,4,1,32.5074,44.658
[experiment] llama3_70b_num_mma_kv_8,3456,8,64,8,128,16,128,128,2,8,4,1,34.958,44.783
[experiment] llama3_70b_num_mma_kv_8,3584,8,64,8,128,16,128,128,2,8,4,1,37.5242,44.868
[experiment] llama3_70b_num_mma_kv_8,3712,8,64,8,128,16,128,128,2,8,4,1,40.1306,45.004
[experiment] llama3_70b_num_mma_kv_8,3840,8,64,8,128,16,128,128,2,8,4,1,42.797,45.16
[experiment] llama3_70b_num_mma_kv_8,3968,8,64,8,128,16,128,128,2,8,4,1,45.6347,45.223
[experiment] llama3_70b_num_mma_kv_8,4096,8,64,8,128,16,128,128,2,8,4,1,48.5161,45.326
[experiment] llama3_70b_num_mma_kv_8,4224,8,64,8,128,16,128,128,2,8,4,1,51.4238,45.477
[experiment] llama3_70b_num_mma_kv_8,4352,8,64,8,128,16,128,128,2,8,4,1,54.5016,45.549
[experiment] llama3_70b_num_mma_kv_8,4480,8,64,8,128,16,128,128,2,8,4,1,57.6575,45.626
[experiment] llama3_70b_num_mma_kv_8,4608,8,64,8,128,16,128,128,2,8,4,1,60.9626,45.653
[experiment] llama3_70b_num_mma_kv_8,4736,8,64,8,128,16,128,128,2,8,4,1,64.2886,45.73
[experiment] llama3_70b_num_mma_kv_8,4864,8,64,8,128,16,128,128,2,8,4,1,67.7581,45.765
[experiment] llama3_70b_num_mma_kv_8,4992,8,64,8,128,16,128,128,2,8,4,1,71.245,45.846
[experiment] llama3_70b_num_mma_kv_8,5120,8,64,8,128,16,128,128,2,8,4,1,74.9329,45.854
[experiment] llama3_70b_num_mma_kv_8,5248,8,64,8,128,16,128,128,2,8,4,1,78.6743,45.884
[experiment] llama3_70b_num_mma_kv_8,5376,8,64,8,128,16,128,128,2,8,4,1,82.5446,45.892
[experiment] llama3_70b_num_mma_kv_8,5504,8,64,8,128,16,128,128,2,8,4,1,86.414,45.95
[experiment] llama3_70b_num_mma_kv_8,5632,8,64,8,128,16,128,128,2,8,4,1,90.4291,45.976
[experiment] llama3_70b_num_mma_kv_8,5760,8,64,8,128,16,128,128,2,8,4,1,94.5425,45.997
[experiment] llama3_70b_num_mma_kv_8,5888,8,64,8,128,16,128,128,2,8,4,1,98.7191,46.03
[experiment] llama3_70b_num_mma_kv_8,6016,8,64,8,128,16,128,128,2,8,4,1,103.0698,46.025
[experiment] llama3_70b_num_mma_kv_8,6144,8,64,8,128,16,128,128,2,8,4,1,107.2914,46.116
[experiment] llama3_70b_num_mma_kv_8,6272,8,64,8,128,16,128,128,2,8,4,1,111.7981,46.12
[experiment] llama3_70b_num_mma_kv_8,6400,8,64,8,128,16,128,128,2,8,4,1,116.3667,46.136
[experiment] llama3_70b_num_mma_kv_8,6528,8,64,8,128,16,128,128,2,8,4,1,120.9183,46.193
[experiment] llama3_70b_num_mma_kv_8,6656,8,64,8,128,16,128,128,2,8,4,1,125.5975,46.233
[experiment] llama3_70b_num_mma_kv_8,6784,8,64,8,128,16,128,128,2,8,4,1,130.4275,46.25
[experiment] llama3_70b_num_mma_kv_8,6912,8,64,8,128,16,128,128,2,8,4,1,135.3029,46.282
[experiment] llama3_70b_num_mma_kv_8,7040,8,64,8,128,16,128,128,2,8,4,1,140.2709,46.311
[experiment] llama3_70b_num_mma_kv_8,7168,8,64,8,128,16,128,128,2,8,4,1,145.3861,46.322
[experiment] llama3_70b_num_mma_kv_8,7296,8,64,8,128,16,128,128,2,8,4,1,150.505,46.358
[experiment] llama3_70b_num_mma_kv_8,7424,8,64,8,128,16,128,128,2,8,4,1,155.765,46.378
[experiment] llama3_70b_num_mma_kv_8,7552,8,64,8,128,16,128,128,2,8,4,1,161.121,46.396
[experiment] llama3_70b_num_mma_kv_8,7680,8,64,8,128,16,128,128,2,8,4,1,166.5767,46.411
[experiment] llama3_70b_num_mma_kv_8,7808,8,64,8,128,16,128,128,2,8,4,1,172.037,46.448
[experiment] llama3_70b_num_mma_kv_8,7936,8,64,8,128,16,128,128,2,8,4,1,177.7045,46.453
[experiment] llama3_70b_num_mma_kv_8,8064,8,64,8,128,16,128,128,2,8,4,1,183.4442,46.463
[experiment] llama3_70b_num_mma_kv_8,8192,8,64,8,128,16,128,128,2,8,4,1,189.2259,46.485
[baseline_after] llama3_8b,128,8,32,8,128,16,128,32,2,2,4,1,0.0572,18.758
[baseline_after] llama3_8b,256,8,32,8,128,16,128,32,2,2,4,1,0.1338,32.1
[baseline_after] llama3_8b,384,8,32,8,128,16,128,32,2,2,4,1,0.2407,40.153
[baseline_after] llama3_8b,512,8,32,8,128,16,128,32,2,2,4,1,0.3711,46.296
[baseline_after] llama3_8b,640,8,32,8,128,16,128,32,2,2,4,1,0.5291,50.734
[baseline_after] llama3_8b,768,8,32,8,128,16,128,32,2,2,4,1,0.725,53.315
[baseline_after] llama3_8b,896,8,32,8,128,16,128,32,2,2,4,1,0.9486,55.465
[baseline_after] llama3_8b,1024,8,32,8,128,16,128,32,2,2,4,1,1.2079,56.89
[baseline_after] llama3_8b,1152,8,32,8,128,16,128,32,2,2,4,1,1.5088,57.642
[baseline_after] llama3_8b,1280,8,32,8,128,16,128,32,2,2,4,1,1.8348,58.52
[baseline_after] llama3_8b,1408,8,32,8,128,16,128,32,2,2,4,1,2.1637,60.046
[baseline_after] llama3_8b,1536,8,32,8,128,16,128,32,2,2,4,1,2.585,59.814
[baseline_after] llama3_8b,1664,8,32,8,128,16,128,32,2,2,4,1,2.982,60.852
[baseline_after] llama3_8b,1792,8,32,8,128,16,128,32,2,2,4,1,3.4216,61.507
[baseline_after] llama3_8b,1920,8,32,8,128,16,128,32,2,2,4,1,3.8962,62.006
[baseline_after] llama3_8b,2048,8,32,8,128,16,128,32,2,2,4,1,4.4312,62.033
[baseline_after] llama3_8b,2176,8,32,8,128,16,128,32,2,2,4,1,4.9983,62.084
[baseline_after] llama3_8b,2304,8,32,8,128,16,128,32,2,2,4,1,5.5903,62.232
[baseline_after] llama3_8b,2432,8,32,8,128,16,128,32,2,2,4,1,6.2132,62.387
[baseline_after] llama3_8b,2560,8,32,8,128,16,128,32,2,2,4,1,6.8553,62.652
[baseline_after] llama3_8b,2688,8,32,8,128,16,128,32,2,2,4,1,7.5132,63.025
[baseline_after] llama3_8b,2816,8,32,8,128,16,128,32,2,2,4,1,8.198,63.393
[baseline_after] llama3_8b,2944,8,32,8,128,16,128,32,2,2,4,1,8.9099,63.75
[baseline_after] llama3_8b,3072,8,32,8,128,16,128,32,2,2,4,1,9.6653,63.989
[baseline_after] llama3_8b,3200,8,32,8,128,16,128,32,2,2,4,1,10.4721,64.084
[baseline_after] llama3_8b,3328,8,32,8,128,16,128,32,2,2,4,1,11.3053,64.205
[baseline_after] llama3_8b,3456,8,32,8,128,16,128,32,2,2,4,1,12.1478,64.436
[baseline_after] llama3_8b,3584,8,32,8,128,16,128,32,2,2,4,1,13.0323,64.594
[baseline_after] llama3_8b,3712,8,32,8,128,16,128,32,2,2,4,1,13.9367,64.794
[baseline_after] llama3_8b,3840,8,32,8,128,16,128,32,2,2,4,1,14.9125,64.802
[baseline_after] llama3_8b,3968,8,32,8,128,16,128,32,2,2,4,1,15.9111,64.852
[baseline_after] llama3_8b,4096,8,32,8,128,16,128,32,2,2,4,1,16.9615,64.824
[baseline_after] llama3_8b,4224,8,32,8,128,16,128,32,2,2,4,1,18.0013,64.957
[baseline_after] llama3_8b,4352,8,32,8,128,16,128,32,2,2,4,1,19.0712,65.085
[baseline_after] llama3_8b,4480,8,32,8,128,16,128,32,2,2,4,1,20.1389,65.313
[baseline_after] llama3_8b,4608,8,32,8,128,16,128,32,2,2,4,1,21.2957,65.345
[baseline_after] llama3_8b,4736,8,32,8,128,16,128,32,2,2,4,1,22.4682,65.424
[baseline_after] llama3_8b,4864,8,32,8,128,16,128,32,2,2,4,1,23.6561,65.543
[baseline_after] llama3_8b,4992,8,32,8,128,16,128,32,2,2,4,1,24.899,65.591
[baseline_after] llama3_8b,5120,8,32,8,128,16,128,32,2,2,4,1,26.2107,65.545
[baseline_after] llama3_8b,5248,8,32,8,128,16,128,32,2,2,4,1,27.5079,65.616
[baseline_after] llama3_8b,5376,8,32,8,128,16,128,32,2,2,4,1,28.8262,65.707
[baseline_after] llama3_8b,5504,8,32,8,128,16,128,32,2,2,4,1,30.2305,65.674
[baseline_after] llama3_8b,5632,8,32,8,128,16,128,32,2,2,4,1,31.6742,65.63
[baseline_after] llama3_8b,5760,8,32,8,128,16,128,32,2,2,4,1,33.1019,65.686
[baseline_after] llama3_8b,5888,8,32,8,128,16,128,32,2,2,4,1,34.579,65.706
[baseline_after] llama3_8b,6016,8,32,8,128,16,128,32,2,2,4,1,36.0776,65.744
[baseline_after] llama3_8b,6144,8,32,8,128,16,128,32,2,2,4,1,37.6072,65.783
[baseline_after] llama3_8b,6272,8,32,8,128,16,128,32,2,2,4,1,39.1725,65.813
[baseline_after] llama3_8b,6400,8,32,8,128,16,128,32,2,2,4,1,40.7291,65.908
[baseline_after] llama3_8b,6528,8,32,8,128,16,128,32,2,2,4,1,42.3566,65.935
[baseline_after] llama3_8b,6656,8,32,8,128,16,128,32,2,2,4,1,44.0111,65.97
[baseline_after] llama3_8b,6784,8,32,8,128,16,128,32,2,2,4,1,45.7028,65.995
[baseline_after] llama3_8b,6912,8,32,8,128,16,128,32,2,2,4,1,47.3924,66.066
[baseline_after] llama3_8b,7040,8,32,8,128,16,128,32,2,2,4,1,49.1323,66.109
[baseline_after] llama3_8b,7168,8,32,8,128,16,128,32,2,2,4,1,50.8925,66.164
[baseline_after] llama3_8b,7296,8,32,8,128,16,128,32,2,2,4,1,52.7138,66.18
[baseline_after] llama3_8b,7424,8,32,8,128,16,128,32,2,2,4,1,54.563,66.2
[baseline_after] llama3_8b,7552,8,32,8,128,16,128,32,2,2,4,1,56.406,66.264
[baseline_after] llama3_8b,7680,8,32,8,128,16,128,32,2,2,4,1,58.3289,66.27
[baseline_after] llama3_8b,7808,8,32,8,128,16,128,32,2,2,4,1,60.2344,66.331
[baseline_after] llama3_8b,7936,8,32,8,128,16,128,32,2,2,4,1,62.2242,66.332
[baseline_after] llama3_8b,8064,8,32,8,128,16,128,32,2,2,4,1,64.2055,66.376
[baseline_after] llama3_8b,8192,8,32,8,128,16,128,32,2,2,4,1,66.2253,66.41
[baseline_after] llama3_70b,128,8,64,8,128,16,128,32,2,2,4,1,0.0927,23.162
[baseline_after] llama3_70b,256,8,64,8,128,16,128,32,2,2,4,1,0.233,36.861
[baseline_after] llama3_70b,384,8,64,8,128,16,128,32,2,2,4,1,0.4374,44.183
[baseline_after] llama3_70b,512,8,64,8,128,16,128,32,2,2,4,1,0.6878,49.958
[baseline_after] llama3_70b,640,8,64,8,128,16,128,32,2,2,4,1,1.0189,52.691
[baseline_after] llama3_70b,768,8,64,8,128,16,128,32,2,2,4,1,1.3972,55.332
[baseline_after] llama3_70b,896,8,64,8,128,16,128,32,2,2,4,1,1.8888,55.711
[baseline_after] llama3_70b,1024,8,64,8,128,16,128,32,2,2,4,1,2.3788,57.777
[baseline_after] llama3_70b,1152,8,64,8,128,16,128,32,2,2,4,1,2.9799,58.374
[baseline_after] llama3_70b,1280,8,64,8,128,16,128,32,2,2,4,1,3.5941,59.751
[baseline_after] llama3_70b,1408,8,64,8,128,16,128,32,2,2,4,1,4.2813,60.693
[baseline_after] llama3_70b,1536,8,64,8,128,16,128,32,2,2,4,1,5.092,60.73
[baseline_after] llama3_70b,1664,8,64,8,128,16,128,32,2,2,4,1,5.9571,60.923
[baseline_after] llama3_70b,1792,8,64,8,128,16,128,32,2,2,4,1,6.8585,61.37
[baseline_after] llama3_70b,1920,8,64,8,128,16,128,32,2,2,4,1,7.8062,61.898
[baseline_after] llama3_70b,2048,8,64,8,128,16,128,32,2,2,4,1,8.789,62.55
[baseline_after] llama3_70b,2176,8,64,8,128,16,128,32,2,2,4,1,9.8502,63.006
[baseline_after] llama3_70b,2304,8,64,8,128,16,128,32,2,2,4,1,11.0037,63.232
[baseline_after] llama3_70b,2432,8,64,8,128,16,128,32,2,2,4,1,12.2193,63.444
[baseline_after] llama3_70b,2560,8,64,8,128,16,128,32,2,2,4,1,13.4807,63.72
[baseline_after] llama3_70b,2688,8,64,8,128,16,128,32,2,2,4,1,14.8154,63.923
[baseline_after] llama3_70b,2816,8,64,8,128,16,128,32,2,2,4,1,16.3167,63.7
[baseline_after] llama3_70b,2944,8,64,8,128,16,128,32,2,2,4,1,17.7806,63.891
[baseline_after] llama3_70b,3072,8,64,8,128,16,128,32,2,2,4,1,19.2825,64.149
[baseline_after] llama3_70b,3200,8,64,8,128,16,128,32,2,2,4,1,20.8611,64.339
[baseline_after] llama3_70b,3328,8,64,8,128,16,128,32,2,2,4,1,22.5097,64.492
[baseline_after] llama3_70b,3456,8,64,8,128,16,128,32,2,2,4,1,24.214,64.653
[baseline_after] llama3_70b,3584,8,64,8,128,16,128,32,2,2,4,1,26.0277,64.686
[baseline_after] llama3_70b,3712,8,64,8,128,16,128,32,2,2,4,1,27.8586,64.829
[baseline_after] llama3_70b,3840,8,64,8,128,16,128,32,2,2,4,1,29.7532,64.959
[baseline_after] llama3_70b,3968,8,64,8,128,16,128,32,2,2,4,1,31.6811,65.141
[baseline_after] llama3_70b,4096,8,64,8,128,16,128,32,2,2,4,1,33.7116,65.231
[baseline_after] llama3_70b,4224,8,64,8,128,16,128,32,2,2,4,1,35.8205,65.287
[baseline_after] llama3_70b,4352,8,64,8,128,16,128,32,2,2,4,1,37.9476,65.419
[baseline_after] llama3_70b,4480,8,64,8,128,16,128,32,2,2,4,1,40.1689,65.49
[baseline_after] llama3_70b,4608,8,64,8,128,16,128,32,2,2,4,1,42.4453,65.57
[baseline_after] llama3_70b,4736,8,64,8,128,16,128,32,2,2,4,1,44.7687,65.669
[baseline_after] llama3_70b,4864,8,64,8,128,16,128,32,2,2,4,1,47.1848,65.72
[baseline_after] llama3_70b,4992,8,64,8,128,16,128,32,2,2,4,1,49.6365,65.805
[baseline_after] llama3_70b,5120,8,64,8,128,16,128,32,2,2,4,1,52.1209,65.923
[baseline_after] llama3_70b,5248,8,64,8,128,16,128,32,2,2,4,1,54.73,65.959
[baseline_after] llama3_70b,5376,8,64,8,128,16,128,32,2,2,4,1,57.3703,66.03
[baseline_after] llama3_70b,5504,8,64,8,128,16,128,32,2,2,4,1,60.0578,66.115
[baseline_after] llama3_70b,5632,8,64,8,128,16,128,32,2,2,4,1,62.8139,66.188
[baseline_after] llama3_70b,5760,8,64,8,128,16,128,32,2,2,4,1,65.6694,66.22
[baseline_after] llama3_70b,5888,8,64,8,128,16,128,32,2,2,4,1,68.5785,66.261
[baseline_after] llama3_70b,6016,8,64,8,128,16,128,32,2,2,4,1,71.5071,66.34
[baseline_after] llama3_70b,6144,8,64,8,128,16,128,32,2,2,4,1,74.5159,66.399
[baseline_after] llama3_70b,6272,8,64,8,128,16,128,32,2,2,4,1,77.4051,66.612
[baseline_after] llama3_70b,6400,8,64,8,128,16,128,32,2,2,4,1,80.5151,66.68
[baseline_after] llama3_70b,6528,8,64,8,128,16,128,32,2,2,4,1,83.7187,66.719
[baseline_after] llama3_70b,6656,8,64,8,128,16,128,32,2,2,4,1,86.9815,66.759
[baseline_after] llama3_70b,6784,8,64,8,128,16,128,32,2,2,4,1,90.3382,66.774
[baseline_after] llama3_70b,6912,8,64,8,128,16,128,32,2,2,4,1,93.7446,66.799
[baseline_after] llama3_70b,7040,8,64,8,128,16,128,32,2,2,4,1,97.259,66.792
[baseline_after] llama3_70b,7168,8,64,8,128,16,128,32,2,2,4,1,100.6913,66.883
[baseline_after] llama3_70b,7296,8,64,8,128,16,128,32,2,2,4,1,104.307,66.891
[baseline_after] llama3_70b,7424,8,64,8,128,16,128,32,2,2,4,1,107.9736,66.906
[baseline_after] llama3_70b,7552,8,64,8,128,16,128,32,2,2,4,1,111.6623,66.946
[baseline_after] llama3_70b,7680,8,64,8,128,16,128,32,2,2,4,1,115.4002,66.992
[baseline_after] llama3_70b,7808,8,64,8,128,16,128,32,2,2,4,1,119.2438,67.012
[baseline_after] llama3_70b,7936,8,64,8,128,16,128,32,2,2,4,1,123.1096,67.053
[baseline_after] llama3_70b,8064,8,64,8,128,16,128,32,2,2,4,1,127.0844,67.069
[baseline_after] llama3_70b,8192,8,64,8,128,16,128,32,2,2,4,1,131.0105,67.14
